replicate,replicate_seed,k,objective_value,at_bound,model
0,1534300902,0.010527907775866412,755.3377324895822,False,delavenne
1,1164467785,0.01041372570184958,736.4122733047294,False,delavenne
2,4019571495,0.010362302841104133,737.8551522420541,False,delavenne
3,2983006718,0.010529805641388529,744.285115077307,False,delavenne
4,663946948,0.010513090761222203,756.5675351859429,False,delavenne
5,2583953223,0.01049101160619962,723.5187556756598,False,delavenne
6,3497155382,0.0105869444505498,739.8330255543019,False,delavenne
7,2405417119,0.010454168087988679,720.9644007352385,False,delavenne
8,1091055109,0.010468280037782182,707.1038759510847,False,delavenne
9,2162377008,0.010391113318878903,723.172645045204,False,delavenne
10,1071400724,0.010380164771243176,722.7556308660533,False,delavenne
11,1001995638,0.010424876672954296,754.2714678965176,False,delavenne
12,217238942,0.010568899804935509,735.5286137080766,False,delavenne
13,2777003693,0.010490958145359813,685.4961049955522,False,delavenne
14,2511684999,0.010512214410086006,718.6393288710753,False,delavenne
15,3514559089,0.01051261122953943,737.8328509632906,False,delavenne
16,239398304,0.010399400967449315,714.0146201339445,False,delavenne
17,3322505347,0.010410349283076083,734.4949964045655,False,delavenne
18,3953749680,0.010533210959343916,705.6710382594894,False,delavenne
19,4150699475,0.010389130900003424,737.2177751277503,False,delavenne
20,732921353,0.01051545547030036,739.2528451717842,False,delavenne
21,2719692682,0.01044835922756467,702.9361118851789,False,delavenne
22,3518170764,0.01047739047059982,721.3679875037299,False,delavenne
23,254278565,0.010425240146733567,727.1472948472516,False,delavenne
24,1658562289,0.010436043131195089,735.5851822449996,False,delavenne
25,2309534912,0.010491544211797101,724.6544063758579,False,delavenne
26,4293083682,0.010406773006226042,750.4047899561076,False,delavenne
27,1857116490,0.010472333946087029,736.6249287356343,False,delavenne
28,3033267766,0.010540422487161938,728.8183161269005,False,delavenne
29,1806365140,0.010483265899837458,768.8909082099384,False,delavenne
30,3331038350,0.010526817254354014,719.4684942407756,False,delavenne
31,2025001860,0.010417789951542283,746.4459174404445,False,delavenne
32,2942027868,0.010442087818164565,733.612290820414,False,delavenne
33,4169642204,0.010508628991841707,725.1694083057236,False,delavenne
34,1091660028,0.01046106785212209,703.806252033941,False,delavenne
35,3944194234,0.010482326478865475,699.0812185856583,False,delavenne
36,560005137,0.010497304301228305,716.7220294836908,False,delavenne
37,2272979157,0.01051367382648186,716.910826750901,False,delavenne
38,1854366202,0.01042227258878328,710.7807671908198,False,delavenne
39,3314029215,0.010422905492953567,713.043810148106,False,delavenne
40,2177302990,0.01033419395275861,774.4885039502813,False,delavenne
41,2333526058,0.01046112977636116,739.9329887772235,False,delavenne
42,2000950190,0.01052796079927535,732.5406911971456,False,delavenne
43,2819219278,0.010376290596778285,722.4374892708038,False,delavenne
44,200634381,0.01037672895478947,722.1977353275876,False,delavenne
45,470141706,0.010467855274583236,738.8652173515285,False,delavenne
46,2107529510,0.010424201881958596,729.2225083964505,False,delavenne
47,767093248,0.010508757191479375,739.0089422792009,False,delavenne
48,2938017294,0.010500075453019045,717.177011714192,False,delavenne
49,3859383813,0.01051928134220372,742.5335674652365,False,delavenne
50,819622437,0.010408163297662013,723.753378636367,False,delavenne
51,3648799017,0.010497334419016213,750.2707054114395,False,delavenne
52,3293487730,0.010465895273837691,754.8293004684724,False,delavenne
53,63475677,0.010395300572872112,722.2862883240203,False,delavenne
54,171080708,0.0105479617545502,724.6330537424977,False,delavenne
55,967777747,0.010451049406213803,732.2952573166791,False,delavenne
56,2487597265,0.010408187355013872,735.8793169886625,False,delavenne
57,1451114484,0.01043265130335144,741.5739720854807,False,delavenne
58,1097024391,0.010439319596633396,756.3837170367404,False,delavenne
59,4257086724,0.01050670945207618,730.8771179716673,False,delavenne
60,3394070926,0.01037572152423914,693.3965085546417,False,delavenne
61,3428450892,0.010464171362712856,723.4731968572177,False,delavenne
62,1036898910,0.010515604668162806,726.0413647737236,False,delavenne
63,1564636315,0.010374689321206922,725.1358726036048,False,delavenne
64,1183206668,0.010520970117295535,735.0144092452678,False,delavenne
65,789486627,0.010533982572214858,728.6039826779103,False,delavenne
66,3792746941,0.01044617192141986,729.9128904547634,False,delavenne
67,4116075158,0.010453749095174663,730.7176201305904,False,delavenne
68,1836560096,0.010422404581542331,719.3277079853289,False,delavenne
69,1244026418,0.010490062731434853,722.6947908734667,False,delavenne
70,1681383947,0.010471434691978669,728.0633623936376,False,delavenne
71,3812871534,0.010477680996160949,700.6612412352715,False,delavenne
72,1873554360,0.01042476858337532,718.7998546764347,False,delavenne
73,3962708171,0.010479582976661322,712.8097052737498,False,delavenne
74,426170304,0.010493882584740535,753.26556141305,False,delavenne
75,1232346705,0.010500826682192897,725.4855627455764,False,delavenne
76,849750642,0.010481916482744335,738.1654005938123,False,delavenne
77,3814594969,0.010422102532758217,742.1924171745765,False,delavenne
78,4209807319,0.010441905667981335,708.1743401486261,False,delavenne
79,1082998195,0.010469731328336295,728.8985815518696,False,delavenne
80,2986786815,0.01042114012035351,718.180869317509,False,delavenne
81,4108379753,0.010451958582156673,747.5085359529979,False,delavenne
82,231629173,0.01042767664849397,734.2513803400317,False,delavenne
83,63657658,0.010453624735958449,750.8500826142401,False,delavenne
84,833224081,0.010459089009676318,743.1314060562056,False,delavenne
85,2320017902,0.010490941064550367,753.6433813317876,False,delavenne
86,3253037847,0.01053574436977691,746.5812941550433,False,delavenne
87,2364839727,0.010450424795563533,736.3897520292583,False,delavenne
88,2130290988,0.010354207650510289,747.8634516861266,False,delavenne
89,1651516543,0.010435749094862412,726.7162862647904,False,delavenne
90,2057169013,0.010347734408650743,712.3103815478238,False,delavenne
91,128842784,0.01057330023844785,730.0133581064207,False,delavenne
92,406019861,0.010550300297292974,762.4953807472474,False,delavenne
93,704344243,0.01043066299321696,737.7865484140581,False,delavenne
94,1958806023,0.010522226979861268,732.9002534696828,False,delavenne
95,3170964429,0.010442822510459157,713.2733580256246,False,delavenne
96,1773728103,0.010568197371313086,741.1145830436343,False,delavenne
97,921265495,0.010404604019737373,747.0299624834255,False,delavenne
98,1090685191,0.010479488581767154,694.0693417940191,False,delavenne
99,3177115778,0.010519089289281008,746.960776598845,False,delavenne
100,2901401872,0.010470582755082735,738.5478764865007,False,delavenne
101,2688748388,0.010486733978126323,713.232045820889,False,delavenne
102,3536550427,0.010412351464326418,719.4874514500225,False,delavenne
103,377874562,0.010436797178098131,721.1683200957593,False,delavenne
104,3237630466,0.010410284328761392,685.5335144683175,False,delavenne
105,1431627175,0.010373755766978694,710.6563485843117,False,delavenne
106,1161248586,0.010497971445076868,717.5376880728727,False,delavenne
107,3901944589,0.010567468210124034,708.750453536322,False,delavenne
108,2179040172,0.010412383519636423,708.892250711565,False,delavenne
109,176326870,0.010478538739081706,719.0252304711516,False,delavenne
110,820506100,0.010421143036306006,709.7669242804604,False,delavenne
111,3181136315,0.010553049102623408,717.9566155817884,False,delavenne
112,3964260103,0.01057294054988746,717.239289383904,False,delavenne
113,4178652405,0.010410069763657612,715.0104018122613,False,delavenne
114,3788341217,0.010318031615449731,700.7595218145875,False,delavenne
115,957874098,0.01050825908679179,705.9963936574229,False,delavenne
116,29944131,0.010452473750330918,757.3622431802173,False,delavenne
117,1111775053,0.010486636884043398,714.315804950593,False,delavenne
118,1010955946,0.010466060583736418,738.9685629512054,False,delavenne
119,517509371,0.010483341442274205,747.5178520319142,False,delavenne
120,1943261964,0.01033797818980791,705.9003795519112,False,delavenne
121,2127435000,0.010568422925062873,715.8413453431112,False,delavenne
122,509455097,0.010515392813638511,719.7522367226259,False,delavenne
123,319395442,0.010562162452500573,711.3284986590166,False,delavenne
124,564255198,0.010546736810705122,716.8459012787771,False,delavenne
125,2608775170,0.010449222219511127,753.5442561083235,False,delavenne
126,1823278835,0.010435786052166517,689.5038707001237,False,delavenne
127,3159698211,0.010526079232419203,743.6583008222632,False,delavenne
128,1823933577,0.010480830749732627,767.9229880323464,False,delavenne
129,2565951791,0.010529954626909007,747.5418387909393,False,delavenne
130,2249098059,0.010524223767231238,717.5792226255937,False,delavenne
131,3939014736,0.010509036694724026,735.9161555348086,False,delavenne
132,3001009342,0.010495027181347035,735.3245735828651,False,delavenne
133,1202012316,0.010539233289636522,738.4722110900901,False,delavenne
134,1061015159,0.01051113214409635,739.7787640323019,False,delavenne
135,2235407673,0.010405294010120514,727.7041903594815,False,delavenne
136,2149119051,0.010428948444033649,720.1302538783985,False,delavenne
137,3725782659,0.010390441190262377,692.5286114111045,False,delavenne
138,1172168278,0.010534678437585345,699.6143095985693,False,delavenne
139,2478348998,0.010482213556978879,720.1064529065695,False,delavenne
140,1641730345,0.010547326167621138,766.063048696303,False,delavenne
141,3530587513,0.010521721818301886,696.2647154189342,False,delavenne
142,2213494744,0.010503674441909644,777.0163954607029,False,delavenne
143,3186677741,0.010410487321386937,712.3987017288543,False,delavenne
144,1533444623,0.010501813802622674,750.8979889508644,False,delavenne
145,1235402316,0.010351156690989636,718.8539834986816,False,delavenne
146,2533740391,0.010352456911315776,741.4579657943647,False,delavenne
147,1556245661,0.010444408444131355,736.4366643606439,False,delavenne
148,486096565,0.010476335818316132,732.3420766065876,False,delavenne
149,4235545204,0.010493581733538308,734.3514309365911,False,delavenne
150,1245241074,0.01044133220781953,747.5676056753009,False,delavenne
151,3376914126,0.01052311022903364,733.8704742420545,False,delavenne
152,3574178072,0.010376839939983186,716.8983076811173,False,delavenne
153,1587701800,0.010456840254864931,752.9704083582782,False,delavenne
154,2989105546,0.010402447655297945,737.2715869273127,False,delavenne
155,2810786494,0.010460302261296352,745.6289528068315,False,delavenne
156,4173236957,0.010473633233289557,740.8790710564534,False,delavenne
157,2710233543,0.010444334519667474,717.0426555356819,False,delavenne
158,4267395681,0.010489516931361274,719.8789418733357,False,delavenne
159,4121886027,0.010521251076155876,733.1721802315058,False,delavenne
160,1073601572,0.010457306743319402,722.4098855924738,False,delavenne
161,1171170576,0.010390617207490604,760.4805402534337,False,delavenne
162,142753959,0.0104424726779615,738.6344418602533,False,delavenne
163,2317997291,0.010530370704369959,732.3697091436588,False,delavenne
164,1370879505,0.010585872898781669,713.1926372155255,False,delavenne
165,450190388,0.01047587057107919,752.3192638133079,False,delavenne
166,2152101347,0.010478175860555864,718.6603084054412,False,delavenne
167,3915255261,0.010324485197825741,712.1255425967169,False,delavenne
168,1235944172,0.01057695731090976,769.0815880557906,False,delavenne
169,1636074492,0.010477545310086482,718.4663761209538,False,delavenne
170,976382066,0.010497217894187193,745.1521087527486,False,delavenne
171,3104681164,0.010555701668029807,754.447788383231,False,delavenne
172,2694063870,0.010540262560461807,713.4419209777219,False,delavenne
173,705731965,0.010389799214027943,731.0388747698581,False,delavenne
174,3267905192,0.010473996348278577,725.6815559417887,False,delavenne
175,4023263509,0.010472156184761862,728.1590845844107,False,delavenne
176,2025987045,0.010546703752246384,730.1168809531409,False,delavenne
177,1311561390,0.010474802597859283,759.4194818510406,False,delavenne
178,1299828921,0.010502330232222162,726.8043511300625,False,delavenne
179,1292891977,0.010448217724125783,733.4816069697788,False,delavenne
180,470678547,0.01053329426785608,727.0857254523622,False,delavenne
181,208592408,0.010418300687979387,722.1142109164705,False,delavenne
182,3775551779,0.010501706817547505,752.5316273581975,False,delavenne
183,2552742652,0.01050362376214836,743.8423425080975,False,delavenne
184,133161658,0.010388385620652607,709.42688848846,False,delavenne
185,1701700686,0.010432727043584136,729.703242776801,False,delavenne
186,4176284458,0.01054992323675371,758.4528657312378,False,delavenne
187,1462109702,0.010460178180388045,755.9914090144047,False,delavenne
188,1426698810,0.010578652271594385,747.4339728844396,False,delavenne
189,2610390100,0.010351062904354936,706.9710038955141,False,delavenne
190,2452554139,0.010412147662204578,714.5021771783056,False,delavenne
191,2754731849,0.01046780941743241,745.893497593893,False,delavenne
192,2795880730,0.010491276702161267,730.1514105987089,False,delavenne
193,2002338523,0.010485675827140625,716.8217304701375,False,delavenne
194,3825570715,0.010409523266115812,696.5144748917793,False,delavenne
195,1659367143,0.01046730935347402,724.1338750943386,False,delavenne
196,2732557950,0.01042613928239046,720.612829855912,False,delavenne
197,222381867,0.01036408413150037,727.9702218236372,False,delavenne
198,2831530895,0.010518751053365468,689.5905756291837,False,delavenne
199,3319199097,0.010464730924666498,703.4307088536067,False,delavenne
200,3176432802,0.010519727601123397,742.6462191240362,False,delavenne
201,1827669584,0.010447702356831897,735.4994721432423,False,delavenne
202,430921256,0.010479022033697502,729.4418270056188,False,delavenne
203,2591277476,0.010396143413467502,734.734818062281,False,delavenne
204,3250752428,0.010484357175592238,724.2840301611838,False,delavenne
205,522977510,0.010480512686235347,732.1463133565247,False,delavenne
206,708675793,0.010536562988447998,723.7920552376831,False,delavenne
207,2567628822,0.010475097754765399,724.0976651903991,False,delavenne
208,76537516,0.010432336602216312,698.1339051558853,False,delavenne
209,1918425851,0.010417728756505318,739.2289161381765,False,delavenne
210,1241378847,0.010508683840239017,721.2181721679221,False,delavenne
211,3928562307,0.010432514106970164,726.2371581276689,False,delavenne
212,4151399654,0.01044790072602622,702.6883644199926,False,delavenne
213,3220380728,0.010411637748225507,722.39831961402,False,delavenne
214,3292997990,0.010452561043726627,714.4163228271841,False,delavenne
215,497822434,0.01053536933270414,698.4793248121372,False,delavenne
216,2439951174,0.010463209515576893,746.3159809547843,False,delavenne
217,3267356194,0.01036479628243909,727.6099749186993,False,delavenne
218,672709555,0.010449399890759081,727.0679808699955,False,delavenne
219,1801726328,0.010461534922683606,717.9801398038027,False,delavenne
220,3076602667,0.01038993905317095,724.5326506366163,False,delavenne
221,3602069613,0.010453629054862775,721.7598199139072,False,delavenne
222,3629340138,0.010507568793579315,723.2718734116269,False,delavenne
223,254543892,0.010454565224698101,724.4562107184568,False,delavenne
224,3315409687,0.010512662807305017,715.2062433407505,False,delavenne
225,487126274,0.010403727748641291,734.8080105389123,False,delavenne
226,3561670529,0.010459886910096283,720.0943753784238,False,delavenne
227,4113537158,0.010527539348315618,745.0109955335622,False,delavenne
228,3878899909,0.010413617092990364,704.6679877711244,False,delavenne
229,4221216848,0.010524856059659107,745.7705828220234,False,delavenne
230,182011415,0.010433268314560934,705.0491720150002,False,delavenne
231,2945910666,0.010416857292397835,752.6040003108003,False,delavenne
232,2117922477,0.010496413158696014,727.8083507736251,False,delavenne
233,3943632134,0.010363147457341048,735.5585955786019,False,delavenne
234,3210699483,0.01050404918716895,736.0879343817021,False,delavenne
235,915892273,0.010441787609070127,752.2783007998022,False,delavenne
236,3932573701,0.01044254216260089,711.9618897907019,False,delavenne
237,430943987,0.01041077813946477,694.0921962361965,False,delavenne
238,782762171,0.010446247755809707,697.7518108289638,False,delavenne
239,2100308787,0.010482968768271499,736.0276439847535,False,delavenne
240,3468204677,0.01044228623936044,740.313173645619,False,delavenne
241,2719858451,0.010443252413445028,724.3969277843263,False,delavenne
242,3443860684,0.010437545580361576,715.7863088354263,False,delavenne
243,747830971,0.010455029544930217,715.4829698879524,False,delavenne
244,3887145181,0.010477723786036688,731.3140421257901,False,delavenne
245,1840390699,0.010433279121801349,727.8133503643436,False,delavenne
246,528786013,0.010598349660527657,726.9301701153835,False,delavenne
247,2828115383,0.010418482571887164,724.5203132509687,False,delavenne
248,2237942307,0.010542543450311111,745.6525351742755,False,delavenne
249,1185083516,0.010425382575174799,712.4019604226036,False,delavenne
250,3931397776,0.010504720807271597,746.8242298577685,False,delavenne
251,1991475724,0.010443585433521613,737.5513288241864,False,delavenne
252,935687766,0.010515811612355033,727.0439153522418,False,delavenne
253,4244918982,0.010427583318387411,720.1095545562391,False,delavenne
254,686067119,0.010466150880517812,726.6760822781725,False,delavenne
255,3422065638,0.010406734162701613,743.6571222415657,False,delavenne
256,3146498781,0.010488792765882087,729.5490572047784,False,delavenne
257,887514465,0.010574962814718961,721.9143901628923,False,delavenne
258,457802394,0.010474634573510866,724.3532174703432,False,delavenne
259,3512842940,0.010432706911318418,722.0489749724759,False,delavenne
260,3960792534,0.010456164621481709,715.8133119808627,False,delavenne
261,3864271659,0.010427274092222551,705.3747450196352,False,delavenne
262,688114642,0.010520621623886835,729.414932948169,False,delavenne
263,1830129806,0.01047211535903852,714.5014263861252,False,delavenne
264,3225176720,0.010522626375138608,744.6816005204857,False,delavenne
265,851572338,0.010487974735822627,738.147372966752,False,delavenne
266,1871546228,0.010449180101183323,726.2707883664333,False,delavenne
267,1936044167,0.010510767967561015,734.7340858956394,False,delavenne
268,3372879648,0.010554543041307577,711.6555734677114,False,delavenne
269,3204362402,0.01052054736534777,741.3901001471218,False,delavenne
270,47799706,0.010460987038176009,724.4294259438817,False,delavenne
271,1278464186,0.010459801176137389,734.8436226548366,False,delavenne
272,518401371,0.010557378548245842,732.579418730132,False,delavenne
273,3661969487,0.010511358281078116,725.7520957778964,False,delavenne
274,663950393,0.010521940776599828,713.1294640537443,False,delavenne
275,1532553994,0.010521092101018393,737.1040444691455,False,delavenne
276,1346547831,0.010468407360660022,714.9266919451076,False,delavenne
277,876345254,0.010437806768094872,711.094711331557,False,delavenne
278,2603480731,0.010425141549595549,742.2033967655826,False,delavenne
279,68243990,0.010469947553263904,741.0496097770821,False,delavenne
280,4128367773,0.010502358021642094,736.1561342842094,False,delavenne
281,371281863,0.010454031010562583,732.8994486554072,False,delavenne
282,2270938196,0.010419777488291449,753.2605344145628,False,delavenne
283,45046876,0.010424554008178669,725.8007931321632,False,delavenne
284,544891243,0.010414159052866353,714.9861725690337,False,delavenne
285,3208768402,0.010484747320604403,723.5775097587158,False,delavenne
286,3473651324,0.010436584592320991,727.2821380142832,False,delavenne
287,2167583842,0.0105571639747315,744.536181790884,False,delavenne
288,686382895,0.010467820023101848,707.3041944844971,False,delavenne
289,1697127465,0.01029896160295759,705.5998490486198,False,delavenne
290,2125130665,0.010405215785715344,711.831180059488,False,delavenne
291,2351205166,0.010511349816889247,747.6370699581757,False,delavenne
292,4239249511,0.010473881515547056,730.1635511274782,False,delavenne
293,1973918471,0.010476922405719822,708.2311098506354,False,delavenne
294,655674993,0.010476292663343933,722.7150024793749,False,delavenne
295,827691858,0.010424590132148484,720.1848772955096,False,delavenne
296,3493992394,0.010450736426359826,727.2752635404142,False,delavenne
297,956362155,0.010411891864549999,725.3435518379807,False,delavenne
298,2146157356,0.01046319837665694,711.4171094716855,False,delavenne
299,3414271537,0.010512162438910436,733.4544584873743,False,delavenne
300,559849590,0.010483657327470997,704.1248292560844,False,delavenne
301,450853063,0.01046340073514182,730.2196506977048,False,delavenne
302,1840998136,0.010369666431012482,735.2117393786998,False,delavenne
303,1795107178,0.010512228349464752,724.8748536310918,False,delavenne
304,2106992203,0.010419522379446503,708.371262886305,False,delavenne
305,184672165,0.0105147048393879,728.0897802385797,False,delavenne
306,802108414,0.01041597446579347,722.1506702114305,False,delavenne
307,231086063,0.010427259754319384,726.9257255076865,False,delavenne
308,2446854899,0.01043068215043486,717.2544260276569,False,delavenne
309,1671461478,0.010466494464161825,736.3656007586468,False,delavenne
310,3537148433,0.0104490747284189,718.8765066807887,False,delavenne
311,3688361700,0.010529990749951786,721.7022759026436,False,delavenne
312,1245463590,0.010504539372080367,694.7086155469082,False,delavenne
313,1013036980,0.010418032330618785,701.3920945818543,False,delavenne
314,1226215973,0.010364090916102226,745.84851465665,False,delavenne
315,364652306,0.010490911816315915,724.5289290707401,False,delavenne
316,1283061897,0.010387571684830819,726.378746460656,False,delavenne
317,1470283,0.010549364930039188,728.14883322496,False,delavenne
318,199832425,0.010523556985887998,728.1372350379157,False,delavenne
319,3097771470,0.010479278059058945,710.6258796920783,False,delavenne
320,2696106355,0.010455661932083226,713.4348772706866,False,delavenne
321,2232758850,0.010453767118707522,725.7474174057647,False,delavenne
322,3033895628,0.010533714281565224,737.6476858478561,False,delavenne
323,1430392515,0.010456765422503922,700.6332410360413,False,delavenne
324,1969129604,0.010495419845837775,738.8851870867505,False,delavenne
325,5218528,0.010483258858809673,706.5925252178648,False,delavenne
326,4240644077,0.010453376011639377,750.55163266256,False,delavenne
327,2534146558,0.010473359828180876,701.6168104290367,False,delavenne
328,1333938853,0.01044087196841029,725.2838790143138,False,delavenne
329,3136855569,0.010507764443972912,753.824236714746,False,delavenne
330,3815004550,0.010415497059713905,707.8567377807753,False,delavenne
331,3698222296,0.010530601730798554,721.9262427288278,False,delavenne
332,354739652,0.010499119281170357,697.348800208991,False,delavenne
333,3529987274,0.010444810220839318,726.7958265338904,False,delavenne
334,541453122,0.010424373788525376,739.8293460687674,False,delavenne
335,2204998005,0.010432115391866897,714.493236499969,False,delavenne
336,3732966087,0.010424923684735405,718.3445831793792,False,delavenne
337,264182764,0.010493628797268433,703.577744877339,False,delavenne
338,2396125026,0.010439552358180023,725.605751060516,False,delavenne
339,2059248617,0.010408447700086152,725.1937635578413,False,delavenne
340,669435055,0.010557664632806309,748.7691589265423,False,delavenne
341,2061517957,0.010449758330466604,723.0018245648199,False,delavenne
342,1650518464,0.010411883738499574,716.4991274436766,False,delavenne
343,3878520479,0.01033990790999231,721.5875531216748,False,delavenne
344,420856223,0.010423711970546963,754.87625637671,False,delavenne
345,1017724464,0.010460962297649708,724.2623486391321,False,delavenne
346,2942459410,0.010526831402915335,741.6419767396724,False,delavenne
347,737407379,0.010486342584521647,712.2836372910172,False,delavenne
348,518087169,0.010453506168592495,724.2486077551449,False,delavenne
349,3715455698,0.010443432254389843,697.0391926726156,False,delavenne
350,947257689,0.010464061490562192,731.0057852668275,False,delavenne
351,2233220801,0.010439716812450617,744.9763060732985,False,delavenne
352,3640735425,0.01049439104427827,736.7557652986803,False,delavenne
353,337515072,0.010483180410697669,727.297262072238,False,delavenne
354,2466080105,0.010438205896504562,697.6871268751651,False,delavenne
355,3333352744,0.010405747065212459,737.8220337621409,False,delavenne
356,728327546,0.010442977025012505,733.8083362080831,False,delavenne
357,1105615897,0.010411381703446899,719.6532146494886,False,delavenne
358,2871640914,0.01043648172181066,741.5439575799488,False,delavenne
359,3069949897,0.010455909548643337,716.2945551570806,False,delavenne
360,3925486500,0.01049545894945504,738.6542047486962,False,delavenne
361,10626084,0.010499807905965247,724.7990424093412,False,delavenne
362,601816781,0.010388833826234765,729.7539451601382,False,delavenne
363,159163699,0.010377027024471335,715.5501812530326,False,delavenne
364,1085320835,0.010311944696244829,731.8458391703496,False,delavenne
365,4146889783,0.01037069574617974,700.4159386159362,False,delavenne
366,2063061599,0.01047320395952386,736.9572161189805,False,delavenne
367,115397056,0.010421360696719655,708.6326466880897,False,delavenne
368,2299618652,0.010437848275170572,725.9027612912371,False,delavenne
369,2262158053,0.010423697203587025,753.4964838132818,False,delavenne
370,3562804231,0.0105633990106822,744.9175445903185,False,delavenne
371,1838309041,0.010427195376733164,735.3411568193875,False,delavenne
372,1613819215,0.010435548436196906,713.7909050522564,False,delavenne
373,1473139458,0.010475616269299541,724.6795768278583,False,delavenne
374,4119963970,0.010449439344408685,727.2886686766168,False,delavenne
375,1990630631,0.010474011137726053,738.6556248716279,False,delavenne
376,2797029371,0.01046777755344255,725.5737321891523,False,delavenne
377,3519417921,0.010411693273219967,693.2932250463797,False,delavenne
378,2335389154,0.010515686142052186,730.0250027507672,False,delavenne
379,2244239792,0.010456701526241853,694.8428279265389,False,delavenne
380,1102777103,0.010452200514883828,725.2758014353216,False,delavenne
381,2937202006,0.010488738204826358,738.0173799833307,False,delavenne
382,2283104663,0.01049186185841339,721.6852456654021,False,delavenne
383,908287900,0.010475885039310791,732.6870678734975,False,delavenne
384,2842221789,0.010441313305522823,715.2997796611813,False,delavenne
385,3654167843,0.010499414539226575,724.1717950084965,False,delavenne
386,921110584,0.010532152856940164,738.8890229552552,False,delavenne
387,1543728275,0.010509864439159603,747.0730397779784,False,delavenne
388,3771830365,0.010637322300472046,731.4266342685708,False,delavenne
389,1978922231,0.010493966335516613,709.6068416210682,False,delavenne
390,3387424202,0.01060426376798095,730.8566810424323,False,delavenne
391,796400121,0.010444883869703362,721.9255438589468,False,delavenne
392,3483560082,0.010422081801813388,729.8471944866887,False,delavenne
393,3248290870,0.010396888968127625,730.676292306297,False,delavenne
394,621276701,0.01050786433158528,729.7945773919728,False,delavenne
395,826352917,0.010401991409721695,745.3784694352928,False,delavenne
396,3596754838,0.010427381082429372,718.6630090354706,False,delavenne
397,1406320926,0.010402587978718828,715.8203788426146,False,delavenne
398,536904455,0.010414222072358124,701.0408498332919,False,delavenne
399,3685511454,0.010442881756140198,735.2114670651507,False,delavenne
400,2282909592,0.010448841484448768,730.2372982525873,False,delavenne
401,1435056840,0.010448310732983045,704.11631119578,False,delavenne
402,3677755016,0.010415841982632975,710.2462155927809,False,delavenne
403,3561311998,0.01051189525220199,726.343022204451,False,delavenne
404,748565502,0.010451086575359692,744.7986607454716,False,delavenne
405,3677330685,0.010445721724972866,708.0723380000251,False,delavenne
406,1328624033,0.010590977190922174,705.8323776169597,False,delavenne
407,857084893,0.010392675005072953,724.816412555016,False,delavenne
408,2013158575,0.010482172515017834,733.6885606794792,False,delavenne
409,1090037367,0.01052524721245033,724.9716551282098,False,delavenne
410,3602490481,0.010369076284075395,728.8670605440805,False,delavenne
411,895367271,0.010454923484542411,720.2703905216135,False,delavenne
412,3220046091,0.010394655260490037,698.8259290976534,False,delavenne
413,3425432277,0.010430011180521408,754.6086840624612,False,delavenne
414,1614291338,0.010512609025733761,712.8396668199298,False,delavenne
415,628032578,0.010471032447151658,702.4983208923268,False,delavenne
416,2189916916,0.010478492643087211,727.8330942492092,False,delavenne
417,830602044,0.010393037797207592,730.0029891105016,False,delavenne
418,625266572,0.010519177334794213,718.6808020661379,False,delavenne
419,3581129903,0.010481411371652408,706.7363179496481,False,delavenne
420,402487097,0.010442535722605685,726.0691425143114,False,delavenne
421,4020424268,0.01040419361273998,710.358509780643,False,delavenne
422,3102443584,0.010453889928378254,724.445471208269,False,delavenne
423,1153763144,0.01041238792442501,734.1767747201749,False,delavenne
424,3010383501,0.010462876132556071,726.3809390253646,False,delavenne
425,2192646673,0.010443210179171231,731.426142858503,False,delavenne
426,1622594405,0.010453043848639073,716.004793308739,False,delavenne
427,1606142236,0.010363418742348847,715.7237116640458,False,delavenne
428,22636621,0.010552055350462263,713.9438749494365,False,delavenne
429,432717119,0.010445664339855573,730.1504004107051,False,delavenne
430,3361099436,0.010489562136784824,735.7358330144515,False,delavenne
431,2665521269,0.010536553205617496,743.2868367115419,False,delavenne
432,3342387074,0.010525439674210681,728.5226594353087,False,delavenne
433,2752382821,0.010528874361819053,726.5071247134703,False,delavenne
434,476643337,0.010417751783649804,726.3027763844485,False,delavenne
435,2043963301,0.010368188673437808,741.9001100945857,False,delavenne
436,192605378,0.01044166589785671,740.2560927775464,False,delavenne
437,3763057517,0.01043124050361715,714.0727180781934,False,delavenne
438,822055127,0.010445735617573582,724.5351181316419,False,delavenne
439,931420394,0.010538855938617447,741.8446294843691,False,delavenne
440,3244723866,0.01043423422475823,707.2310151658364,False,delavenne
441,4270205729,0.010387996854362333,725.4535944783784,False,delavenne
442,2065709165,0.010528472849621306,731.5641296520934,False,delavenne
443,1278833405,0.010461522158046601,732.7301689206976,False,delavenne
444,3603623001,0.01048989205368771,696.4870621496096,False,delavenne
445,1955235843,0.010476544473998893,747.0019532938686,False,delavenne
446,624297747,0.010516231283483744,727.9790228257056,False,delavenne
447,798818454,0.01045727869485485,732.311428505482,False,delavenne
448,3861688336,0.010455249615789766,707.0364874193796,False,delavenne
449,1919511008,0.010330293917606082,741.0879776424604,False,delavenne
450,2637216027,0.010552542982462224,731.7545402987051,False,delavenne
451,3118723443,0.010366932012612483,725.3682180047989,False,delavenne
452,3033201352,0.010374387578409838,722.5642447553092,False,delavenne
453,165619309,0.010502454946719902,743.7304977793144,False,delavenne
454,3139726880,0.010473526086789543,730.3077799310805,False,delavenne
455,1218755070,0.010484669912580154,742.3206075249431,False,delavenne
456,1343296439,0.010520231848576615,727.2722938735196,False,delavenne
457,295697702,0.010511097403384436,701.3580600949664,False,delavenne
458,2884656487,0.010446901783456652,713.7931307781818,False,delavenne
459,2045992101,0.010492046437638524,736.0245169023462,False,delavenne
460,2560533983,0.010464623537094887,731.2016958281469,False,delavenne
461,2550370154,0.010629815576607572,703.7881949821826,False,delavenne
462,865588087,0.010458652341156784,727.1626403317587,False,delavenne
463,4265100633,0.010513438520696007,725.6282730868649,False,delavenne
464,807916588,0.01040733330655396,737.7798784389068,False,delavenne
465,1586810168,0.010412242830302015,715.0680494692344,False,delavenne
466,1785648863,0.010554559691914562,733.1392094112651,False,delavenne
467,2222852637,0.010518214641148299,748.5796118563621,False,delavenne
468,1594341479,0.010485496103420937,767.0083963055486,False,delavenne
469,1438822881,0.010439662060278864,713.6173909790419,False,delavenne
470,2658935053,0.010426855338963927,738.8671980878703,False,delavenne
471,2707917477,0.01047567217380214,715.7641382337108,False,delavenne
472,2803721060,0.010457116204541858,721.6629300121467,False,delavenne
473,1395412558,0.010541424520468424,726.7565225052776,False,delavenne
474,4162612182,0.010491040441612469,730.38612804968,False,delavenne
475,672699311,0.010600964190027934,749.6356064903059,False,delavenne
476,2984443971,0.010385593483752089,720.1638935929,False,delavenne
477,794106453,0.010386675205545383,730.8015381202654,False,delavenne
478,1110004159,0.01044953069703814,732.8026910392239,False,delavenne
479,2749340053,0.010479910301584341,735.8964272992379,False,delavenne
480,2296486854,0.010533725114673417,737.7681961973198,False,delavenne
481,4218994637,0.010454486586811236,718.0476441188086,False,delavenne
482,1058166033,0.010394698808373787,729.04728716405,False,delavenne
483,397096617,0.01052736365561164,713.3991320091826,False,delavenne
484,2094587817,0.010377468896605126,737.2007996408204,False,delavenne
485,2540345896,0.010477585072659357,727.9889680304311,False,delavenne
486,794727714,0.010431527086390037,751.1166352696024,False,delavenne
487,1437891374,0.010356590360439403,743.2548254903863,False,delavenne
488,4117925988,0.010436621257559472,741.5373117068264,False,delavenne
489,1456542849,0.010383908710140017,718.1128401818991,False,delavenne
490,3533015500,0.010433000301751386,748.5503407520911,False,delavenne
491,1308705019,0.010512952689978716,745.0224550188789,False,delavenne
492,4284291081,0.010386916734746123,732.5388662443025,False,delavenne
493,2873278973,0.01051196596348197,729.0768377781785,False,delavenne
494,2639462074,0.010407075858855766,719.9291676339512,False,delavenne
495,2622914202,0.01047090590408655,706.1417331630527,False,delavenne
496,467964318,0.01040286973135558,727.8416642472898,False,delavenne
497,633343896,0.010355426571518592,715.7701686295105,False,delavenne
498,1649588869,0.010520962264292177,711.5074254682057,False,delavenne
499,483049793,0.010449605817814837,729.0492824044795,False,delavenne
0,1534300902,0.007150112911007533,41.97555868180218,False,jia
1,1164467785,0.007154130577406496,43.04068118152125,False,jia
2,4019571495,0.007156641943907915,42.0983132155801,False,jia
3,2983006718,0.007155083508866675,43.608660311329224,False,jia
4,663946948,0.0071481083434600376,44.39860463058813,False,jia
5,2583953223,0.0071525286588647345,43.50334039459641,False,jia
6,3497155382,0.007148039067871187,41.45907262734078,False,jia
7,2405417119,0.007148641839053871,42.66645179071394,False,jia
8,1091055109,0.0071539755018278734,40.79852169856207,False,jia
9,2162377008,0.0071537087989004735,42.714123525920236,False,jia
10,1071400724,0.00715535634275342,40.961540841630665,False,jia
11,1001995638,0.0071531645176292164,41.1446271587782,False,jia
12,217238942,0.007148206837110225,42.69357599351056,False,jia
13,2777003693,0.007151867846876988,41.37014499371544,False,jia
14,2511684999,0.007146549329031109,41.945552199188015,False,jia
15,3514559089,0.007153036556783882,43.2156688949359,False,jia
16,239398304,0.007151111324690843,40.63081848767488,False,jia
17,3322505347,0.007152060428072633,43.14645189174894,False,jia
18,3953749680,0.007149056261196999,42.342148531461135,False,jia
19,4150699475,0.0071516692543926235,42.04458448354379,False,jia
20,732921353,0.007153989684457562,42.693916715919684,False,jia
21,2719692682,0.007153017623407033,41.305085260892646,False,jia
22,3518170764,0.007152093896100159,42.51289634513428,False,jia
23,254278565,0.007154672956442777,42.62260894357205,False,jia
24,1658562289,0.007152742314847467,42.25973370875368,False,jia
25,2309534912,0.00715134846058243,40.1794177153487,False,jia
26,4293083682,0.007152149325861527,43.07085901228258,False,jia
27,1857116490,0.007155720731104749,41.46106004956879,False,jia
28,3033267766,0.007151387918488697,42.48569903906622,False,jia
29,1806365140,0.007149295180464226,44.89030287411564,False,jia
30,3331038350,0.007149749112245519,43.604293655102445,False,jia
31,2025001860,0.007155878700714304,43.23742708722891,False,jia
32,2942027868,0.007152626269964186,43.248344605962366,False,jia
33,4169642204,0.007152959232997485,41.346909972251375,False,jia
34,1091660028,0.007152861102775811,42.10713699287872,False,jia
35,3944194234,0.007158789659681305,41.382105842514434,False,jia
36,560005137,0.007151472715831009,41.157409892489255,False,jia
37,2272979157,0.007151812777636193,41.09000384982938,False,jia
38,1854366202,0.007152776346044364,41.7758656970145,False,jia
39,3314029215,0.007155067805197091,41.771439994345464,False,jia
40,2177302990,0.00715701506044706,42.32643179836976,False,jia
41,2333526058,0.0071493696568620925,42.13028076128728,False,jia
42,2000950190,0.007152557174511592,41.13434396468079,False,jia
43,2819219278,0.007154448714464114,42.635841730272816,False,jia
44,200634381,0.007155769772400019,42.034782803394954,False,jia
45,470141706,0.007151122428267381,41.77763090931545,False,jia
46,2107529510,0.007153036910920216,41.21070569496785,False,jia
47,767093248,0.0071471588734586195,40.93437788722439,False,jia
48,2938017294,0.007150323110978034,41.437623513866946,False,jia
49,3859383813,0.007151721572230944,41.50597511587313,False,jia
50,819622437,0.007152910174962116,40.67170147616501,False,jia
51,3648799017,0.007150568956365326,42.12623440139185,False,jia
52,3293487730,0.007155376670515564,43.217631053509606,False,jia
53,63475677,0.007152965304565284,42.27226866491716,False,jia
54,171080708,0.007150394647078087,40.88138584643869,False,jia
55,967777747,0.007152310328442285,40.411904335505575,False,jia
56,2487597265,0.007152341121858883,41.647494727256564,False,jia
57,1451114484,0.007150049680276452,43.94055115536344,False,jia
58,1097024391,0.007152151250283269,41.53637561645624,False,jia
59,4257086724,0.007151960516450191,41.36397784377823,False,jia
60,3394070926,0.007152851199530872,43.07704676718395,False,jia
61,3428450892,0.007151969279415813,41.58693753407305,False,jia
62,1036898910,0.007151359087892427,41.34076422216433,False,jia
63,1564636315,0.007150500251087917,40.65283190281352,False,jia
64,1183206668,0.007150398085758063,42.15929949188332,False,jia
65,789486627,0.007149207324993133,43.26881772074374,False,jia
66,3792746941,0.007154831528865459,40.47624797130658,False,jia
67,4116075158,0.007152107973288322,40.115909780266435,False,jia
68,1836560096,0.007155004204519482,42.06059846346073,False,jia
69,1244026418,0.007149781547075721,42.281459550289384,False,jia
70,1681383947,0.007153900638372594,40.632549131966364,False,jia
71,3812871534,0.007152878150111203,41.75388708989219,False,jia
72,1873554360,0.007151451508756333,40.554882075067155,False,jia
73,3962708171,0.007154163247260874,41.937169241939095,False,jia
74,426170304,0.0071481296867002535,42.17279408095288,False,jia
75,1232346705,0.007152838716961171,40.91949725310118,False,jia
76,849750642,0.0071530412494327875,40.85931742142916,False,jia
77,3814594969,0.007152944849872756,41.44254118712496,False,jia
78,4209807319,0.007153911143632381,41.57317104723981,False,jia
79,1082998195,0.007150064085582584,42.87062493809125,False,jia
80,2986786815,0.0071545302605985845,41.0502347228006,False,jia
81,4108379753,0.007150478406522851,43.49820765919499,False,jia
82,231629173,0.0071543917758849895,41.3065968724973,False,jia
83,63657658,0.0071502154878548005,42.91601390827244,False,jia
84,833224081,0.007152821898598637,42.03678741331801,False,jia
85,2320017902,0.007149764204156722,43.52250982502464,False,jia
86,3253037847,0.00714705178676089,42.85444534953491,False,jia
87,2364839727,0.007151691462309259,41.43051061042589,False,jia
88,2130290988,0.007153172309076674,42.08775146991547,False,jia
89,1651516543,0.007153210235510525,43.62153695857162,False,jia
90,2057169013,0.007156612387028141,40.95727063925976,False,jia
91,128842784,0.007148922794943571,43.207179776460414,False,jia
92,406019861,0.007148168917856193,42.99001366120101,False,jia
93,704344243,0.0071521106898621714,42.37940750988191,False,jia
94,1958806023,0.007151720135054323,43.20682219955408,False,jia
95,3170964429,0.007153935904144135,40.62406264258068,False,jia
96,1773728103,0.007148838206441777,42.595255339620465,False,jia
97,921265495,0.0071532311625434625,42.35927446269607,False,jia
98,1090685191,0.007152847807678243,40.62732853253933,False,jia
99,3177115778,0.00715067590987445,41.40249765912497,False,jia
100,2901401872,0.0071500645226257094,41.08827706638303,False,jia
101,2688748388,0.00715262651897191,42.30779515597503,False,jia
102,3536550427,0.00715434004388667,40.52591681842232,False,jia
103,377874562,0.007152316006348575,41.658472868066525,False,jia
104,3237630466,0.0071517387710529805,42.440098804335825,False,jia
105,1431627175,0.007155478506667604,42.30058908798608,False,jia
106,1161248586,0.007150041497762709,43.11299973712063,False,jia
107,3901944589,0.007150335347670795,40.09639283408294,False,jia
108,2179040172,0.0071511737434107455,42.74151439431913,False,jia
109,176326870,0.007153417050446352,41.85801017797647,False,jia
110,820506100,0.007156007548892866,42.7302098454844,False,jia
111,3181136315,0.007150773752603382,41.680648526212586,False,jia
112,3964260103,0.007148900314722103,42.1566946818582,False,jia
113,4178652405,0.007154866286033015,41.26327951367123,False,jia
114,3788341217,0.0071546273552727255,41.251363824709976,False,jia
115,957874098,0.007154083777527007,42.29754528519671,False,jia
116,29944131,0.007152795294812191,42.14554252943271,False,jia
117,1111775053,0.007151905330875176,42.80662552524067,False,jia
118,1010955946,0.0071503410627804555,43.01856235821806,False,jia
119,517509371,0.0071505383713896436,44.884655866087165,False,jia
120,1943261964,0.007157493270300302,42.49443609751578,False,jia
121,2127435000,0.00715071679264171,40.461052623851934,False,jia
122,509455097,0.007148676071098757,41.19024907038915,False,jia
123,319395442,0.007148615932906955,40.005264218454656,False,jia
124,564255198,0.007150392138709065,42.796816921845014,False,jia
125,2608775170,0.00715302255559205,41.047709753663746,False,jia
126,1823278835,0.007152608623248648,42.452971249059814,False,jia
127,3159698211,0.007152477492407274,41.39909910319459,False,jia
128,1823933577,0.007155373091823135,43.01204586648412,False,jia
129,2565951791,0.0071513303064041755,41.51392352147133,False,jia
130,2249098059,0.007148440386583499,42.46885912609897,False,jia
131,3939014736,0.007153162767362954,41.364907986955345,False,jia
132,3001009342,0.007151267796829483,42.644716025622344,False,jia
133,1202012316,0.007148342417209129,43.13398955383398,False,jia
134,1061015159,0.0071529599966823655,42.259748907262455,False,jia
135,2235407673,0.007153588957936535,41.793514330022816,False,jia
136,2149119051,0.007153378301999283,40.50951396237116,False,jia
137,3725782659,0.007153332088923698,41.070035213946,False,jia
138,1172168278,0.0071500672483153175,42.4281006329949,False,jia
139,2478348998,0.007155557042509365,41.75564181557805,False,jia
140,1641730345,0.0071505939972337,43.860571040624734,False,jia
141,3530587513,0.007153507112241277,41.66309728560533,False,jia
142,2213494744,0.007152752677245391,45.0094338749137,False,jia
143,3186677741,0.0071522781301745775,42.96295116025657,False,jia
144,1533444623,0.007146650283038779,43.157401926483274,False,jia
145,1235402316,0.007156180197975188,40.96855843286581,False,jia
146,2533740391,0.007153945231575607,42.81642948939473,False,jia
147,1556245661,0.007152369990814965,41.93526237726844,False,jia
148,486096565,0.00715316603135588,43.30163981910573,False,jia
149,4235545204,0.007153693229270963,42.14872315563408,False,jia
150,1245241074,0.007155215135648935,40.73806097570698,False,jia
151,3376914126,0.007148717503873133,41.91082422698074,False,jia
152,3574178072,0.007154119904313917,42.725911882565924,False,jia
153,1587701800,0.007152367740084431,42.78206394344653,False,jia
154,2989105546,0.007155107284772241,41.624434089492134,False,jia
155,2810786494,0.007152911921113973,42.04414903746944,False,jia
156,4173236957,0.007151312952961293,42.76527871888977,False,jia
157,2710233543,0.007152302699131134,41.425035821510505,False,jia
158,4267395681,0.007156324061448092,41.76349682340961,False,jia
159,4121886027,0.007151345576873384,42.4641592707842,False,jia
160,1073601572,0.007151344879289654,41.66711243653492,False,jia
161,1171170576,0.0071549927384751974,40.2655145366793,False,jia
162,142753959,0.007152540163077368,41.63048103248384,False,jia
163,2317997291,0.007153715377916165,43.25598694815663,False,jia
164,1370879505,0.00714885197385781,41.871498574288616,False,jia
165,450190388,0.007151409641457651,41.75773836024381,False,jia
166,2152101347,0.007152214121583517,42.17084724424043,False,jia
167,3915255261,0.007156492231702814,40.38355659392015,False,jia
168,1235944172,0.0071459946043194635,43.99927518475762,False,jia
169,1636074492,0.007151738646525995,40.04398309459123,False,jia
170,976382066,0.007151559571225518,42.517417557038854,False,jia
171,3104681164,0.007148840388798853,42.51587822552747,False,jia
172,2694063870,0.007148957187864125,41.80686901097485,False,jia
173,705731965,0.007155598864204868,41.68807747699989,False,jia
174,3267905192,0.007150682693146476,42.83803409730047,False,jia
175,4023263509,0.007148727768937718,42.972446730380504,False,jia
176,2025987045,0.007148025509503644,43.87048206889415,False,jia
177,1311561390,0.007150525107504159,43.42007602461295,False,jia
178,1299828921,0.007151486889461316,42.809953506075246,False,jia
179,1292891977,0.0071526466118831235,43.53818817206484,False,jia
180,470678547,0.007153102739709776,42.126031171057136,False,jia
181,208592408,0.007152961649100586,41.14950879077566,False,jia
182,3775551779,0.007152200474638669,42.282572246311865,False,jia
183,2552742652,0.007150670648109211,43.147563658016004,False,jia
184,133161658,0.007156363885622033,40.59208566252261,False,jia
185,1701700686,0.007154842771741194,42.13649476017978,False,jia
186,4176284458,0.007146065316415976,42.43318165552914,False,jia
187,1462109702,0.0071511544135529044,43.505658425224404,False,jia
188,1426698810,0.007150428861848282,42.91468737433919,False,jia
189,2610390100,0.0071558911918791,41.73175286144188,False,jia
190,2452554139,0.007153726802971139,40.77737405461199,False,jia
191,2754731849,0.007151051711180941,41.65191630814177,False,jia
192,2795880730,0.007150784740370783,42.67397592503954,False,jia
193,2002338523,0.007149799145600069,42.736222780277174,False,jia
194,3825570715,0.007151972854728876,42.096190250651745,False,jia
195,1659367143,0.0071504896163730475,43.19959287465085,False,jia
196,2732557950,0.007154743054877672,41.39038364408911,False,jia
197,222381867,0.0071555451023955765,40.25042649136678,False,jia
198,2831530895,0.007150287431453218,43.207914015064304,False,jia
199,3319199097,0.007156191151598719,42.16727438401695,False,jia
200,3176432802,0.007152226323012786,42.16692165629624,False,jia
201,1827669584,0.007153308191913038,39.752878639295886,False,jia
202,430921256,0.007154044345433722,42.34146976445177,False,jia
203,2591277476,0.0071530006604938025,41.81107286481658,False,jia
204,3250752428,0.0071531607906116755,42.0002371216311,False,jia
205,522977510,0.007154932164331228,41.57306841670461,False,jia
206,708675793,0.007148602209972154,43.413562297422686,False,jia
207,2567628822,0.0071535335703317125,40.6333140456242,False,jia
208,76537516,0.00715343762420621,42.464202713634556,False,jia
209,1918425851,0.007155179788520256,41.739140578967834,False,jia
210,1241378847,0.007149947132201028,40.32980225560371,False,jia
211,3928562307,0.007153231341289702,41.44737797578526,False,jia
212,4151399654,0.00715039609962281,44.53021855816018,False,jia
213,3220380728,0.007152462205317154,40.69503590922168,False,jia
214,3292997990,0.007154947341925915,42.864676166344715,False,jia
215,497822434,0.007150032995935909,41.32566425523318,False,jia
216,2439951174,0.007146196821653119,42.471265635211445,False,jia
217,3267356194,0.0071566865737388895,42.108626553112295,False,jia
218,672709555,0.007153925120359916,43.80217868223585,False,jia
219,1801726328,0.007150098413882516,41.18418592695695,False,jia
220,3076602667,0.007152508095813438,41.357283291534905,False,jia
221,3602069613,0.007152139487110315,40.52830507137912,False,jia
222,3629340138,0.007148928769085156,42.01631050306014,False,jia
223,254543892,0.0071524146510275645,42.53252188848719,False,jia
224,3315409687,0.007150634443324423,42.686223206987314,False,jia
225,487126274,0.007155257142102007,42.33714206927871,False,jia
226,3561670529,0.007151762615392331,42.200849520685985,False,jia
227,4113537158,0.007148781247862636,42.05488430028558,False,jia
228,3878899909,0.0071584784990294725,40.695472093936864,False,jia
229,4221216848,0.007150440953711344,41.33062558486585,False,jia
230,182011415,0.0071539307512987205,42.151620890569106,False,jia
231,2945910666,0.007153593918813918,43.05774679262656,False,jia
232,2117922477,0.0071514350637005685,41.87894168187686,False,jia
233,3943632134,0.007158278031829913,40.39280822905697,False,jia
234,3210699483,0.007152170257207887,42.30357152932339,False,jia
235,915892273,0.0071500307424380485,41.581863932536855,False,jia
236,3932573701,0.0071542443868911855,40.375335275783854,False,jia
237,430943987,0.007151657855045981,41.69964728029675,False,jia
238,782762171,0.007151977531949657,41.10686885377179,False,jia
239,2100308787,0.0071509605179513065,42.92915451013787,False,jia
240,3468204677,0.007154379128723674,42.238616717105444,False,jia
241,2719858451,0.007150028114626925,43.152830121971675,False,jia
242,3443860684,0.007154844954388731,41.380380542065495,False,jia
243,747830971,0.007152220239315806,41.81771989187024,False,jia
244,3887145181,0.007149764786893755,42.189678547501735,False,jia
245,1840390699,0.007152107604255563,40.5402539704574,False,jia
246,528786013,0.007145435366763148,42.73503167052033,False,jia
247,2828115383,0.007148578681687563,40.65915004850801,False,jia
248,2237942307,0.007149630193105765,43.80675842967146,False,jia
249,1185083516,0.007155301432192728,40.69380010538744,False,jia
250,3931397776,0.007150409094749363,43.22045389353383,False,jia
251,1991475724,0.007152451660425183,42.80517313131694,False,jia
252,935687766,0.007151879417968578,41.53462756037883,False,jia
253,4244918982,0.007154167680132747,43.27226978626303,False,jia
254,686067119,0.007150028590477773,42.3302741935844,False,jia
255,3422065638,0.0071558118297352915,42.44362399442176,False,jia
256,3146498781,0.007152142413501025,42.33961203259965,False,jia
257,887514465,0.007149823755286186,40.40690671760796,False,jia
258,457802394,0.007153172735875602,41.17715750249184,False,jia
259,3512842940,0.00715177677186324,42.0407630966032,False,jia
260,3960792534,0.007151216541957899,42.67714058651006,False,jia
261,3864271659,0.00715435837729078,43.37392843227043,False,jia
262,688114642,0.007150969171803005,40.15509423617723,False,jia
263,1830129806,0.00715055011865306,42.393305711439005,False,jia
264,3225176720,0.0071487013584450145,40.96299281048562,False,jia
265,851572338,0.007150002880474587,43.48739676986719,False,jia
266,1871546228,0.007152069366126285,42.87150238461544,False,jia
267,1936044167,0.007153439747729095,40.42664386356125,False,jia
268,3372879648,0.0071530392718561495,42.83086407325812,False,jia
269,3204362402,0.007147225919838231,44.55817071266163,False,jia
270,47799706,0.007150163293458185,40.327166699051396,False,jia
271,1278464186,0.007152271201003525,41.499939027513705,False,jia
272,518401371,0.0071467786486472335,42.60917945438247,False,jia
273,3661969487,0.007151677717209591,41.081558913799746,False,jia
274,663950393,0.0071553505134966415,42.780083860038694,False,jia
275,1532553994,0.007147305561925045,40.3597362700605,False,jia
276,1346547831,0.007151927647210367,41.876948042043246,False,jia
277,876345254,0.007151691887638909,41.35680510288123,False,jia
278,2603480731,0.007151903963378021,41.451037601651976,False,jia
279,68243990,0.007149183923165548,43.29697469519531,False,jia
280,4128367773,0.007153902223509407,44.074698947435856,False,jia
281,371281863,0.007150963216917191,43.0559864614361,False,jia
282,2270938196,0.0071564964246039284,42.47273713365227,False,jia
283,45046876,0.007155350156384269,41.75018060231547,False,jia
284,544891243,0.007154235189078307,40.61673308086318,False,jia
285,3208768402,0.007148695767579417,42.39103653077844,False,jia
286,3473651324,0.007154466693580044,41.89571958787274,False,jia
287,2167583842,0.007150572781171968,43.95406971764743,False,jia
288,686382895,0.007152504229706205,40.05206841373737,False,jia
289,1697127465,0.007157413040581142,40.45905498911267,False,jia
290,2125130665,0.007150874146005425,41.79751313248829,False,jia
291,2351205166,0.00714713709773915,42.23935076871046,False,jia
292,4239249511,0.0071506215675195845,43.28865639205038,False,jia
293,1973918471,0.007149959823444271,40.946185849230254,False,jia
294,655674993,0.007151605428842345,43.14286129025524,False,jia
295,827691858,0.007153673510962151,42.15988862863153,False,jia
296,3493992394,0.007154008004514196,41.88810087235571,False,jia
297,956362155,0.007154137851558309,42.42830809264431,False,jia
298,2146157356,0.007151432114007561,42.13324666957999,False,jia
299,3414271537,0.007153326662158237,42.31626948734705,False,jia
300,559849590,0.007152727317505311,41.69128606153787,False,jia
301,450853063,0.007154689072463126,42.07040719748255,False,jia
302,1840998136,0.007156076221451852,42.06006297151199,False,jia
303,1795107178,0.007152419980944692,42.01663433651624,False,jia
304,2106992203,0.007152762319821058,40.74762908647318,False,jia
305,184672165,0.007150050640872206,43.26409798791671,False,jia
306,802108414,0.0071505098545604825,42.666811982912606,False,jia
307,231086063,0.007154348731754847,42.82619125805124,False,jia
308,2446854899,0.007152137077210098,40.38796818140745,False,jia
309,1671461478,0.007154914157596939,42.60578654591272,False,jia
310,3537148433,0.007150500295958081,42.980617798389936,False,jia
311,3688361700,0.007153451731241951,39.382000672859796,False,jia
312,1245463590,0.007152245703292142,40.59570215319052,False,jia
313,1013036980,0.007157685270374305,40.27056168395106,False,jia
314,1226215973,0.007154685188191033,42.32806211285321,False,jia
315,364652306,0.007152882599178506,41.03346800644751,False,jia
316,1283061897,0.007151716372046659,42.31414738869373,False,jia
317,1470283,0.007147445960700595,41.94634948633163,False,jia
318,199832425,0.007153237028601853,42.322396162118984,False,jia
319,3097771470,0.007152808674536892,41.67849913829406,False,jia
320,2696106355,0.007153685941053948,41.39702108174615,False,jia
321,2232758850,0.007148873023490662,42.48345692487051,False,jia
322,3033895628,0.007150403704019569,40.6971288268665,False,jia
323,1430392515,0.007150528715429893,41.59450628180642,False,jia
324,1969129604,0.0071522591479042255,42.21925839824201,False,jia
325,5218528,0.0071561871324942895,40.786730256914396,False,jia
326,4240644077,0.007154035946099596,42.35520727163802,False,jia
327,2534146558,0.007151740399356463,42.34371834671547,False,jia
328,1333938853,0.007153358284634745,42.66406650089351,False,jia
329,3136855569,0.007150340866493519,41.895314262574644,False,jia
330,3815004550,0.007151303414225769,41.80722988210631,False,jia
331,3698222296,0.007151817770550608,43.72877251981035,False,jia
332,354739652,0.007152664426886062,40.19353958254744,False,jia
333,3529987274,0.007147487581632121,43.986439188717604,False,jia
334,541453122,0.007155676147412156,41.8723516529638,False,jia
335,2204998005,0.007152330156107007,39.6574332482828,False,jia
336,3732966087,0.007151663343407204,39.98128361194026,False,jia
337,264182764,0.007150315511388009,40.51334940047344,False,jia
338,2396125026,0.007152699437279953,43.4735611735531,False,jia
339,2059248617,0.007155515282118554,41.58118021097003,False,jia
340,669435055,0.0071490254793596004,42.324936360371204,False,jia
341,2061517957,0.007152269906988853,43.79637387802182,False,jia
342,1650518464,0.007152846493311604,39.95126080223979,False,jia
343,3878520479,0.007156093215272263,41.171878196819634,False,jia
344,420856223,0.007150767309606907,41.74963100205504,False,jia
345,1017724464,0.007155213829999833,41.944523319410756,False,jia
346,2942459410,0.007151952458765073,43.43111376012235,False,jia
347,737407379,0.00714906267098992,42.67661065148818,False,jia
348,518087169,0.007153285811821001,42.94756503226892,False,jia
349,3715455698,0.007153399027611351,41.09092302144576,False,jia
350,947257689,0.007154043668075932,41.7113654186302,False,jia
351,2233220801,0.007151390856539027,44.3481725201233,False,jia
352,3640735425,0.007156108122582884,41.94089663027389,False,jia
353,337515072,0.0071518052521498425,40.15352992843759,False,jia
354,2466080105,0.007154225588522563,41.2799509938054,False,jia
355,3333352744,0.007151370860885046,41.46143646150238,False,jia
356,728327546,0.007149107819863108,40.900611797115175,False,jia
357,1105615897,0.007153404665321115,42.985839673819015,False,jia
358,2871640914,0.007154400715663124,42.07996179603405,False,jia
359,3069949897,0.007154488509542279,41.606445805579476,False,jia
360,3925486500,0.007148124685393219,42.459970779912396,False,jia
361,10626084,0.007148832105669939,41.01179659780163,False,jia
362,601816781,0.007153942427157692,41.731524187044975,False,jia
363,159163699,0.007152746151835479,41.977904965392916,False,jia
364,1085320835,0.0071571035356802065,41.29286616415039,False,jia
365,4146889783,0.007156190071641695,39.798105146117635,False,jia
366,2063061599,0.0071495513999639704,42.63627910056492,False,jia
367,115397056,0.007151820930614158,42.13526608476249,False,jia
368,2299618652,0.007152227187490416,43.19103394735463,False,jia
369,2262158053,0.0071571765794970705,42.87640571586647,False,jia
370,3562804231,0.00714858824825276,44.431014972060964,False,jia
371,1838309041,0.007151454223506179,40.995171442403844,False,jia
372,1613819215,0.007151933916710804,42.369118987869236,False,jia
373,1473139458,0.007153436797286179,40.54158339921041,False,jia
374,4119963970,0.0071513565036695455,41.99463202546872,False,jia
375,1990630631,0.007149806974308857,41.976090970620405,False,jia
376,2797029371,0.007154997924896661,42.729814104426964,False,jia
377,3519417921,0.007151620315917417,41.90064910039257,False,jia
378,2335389154,0.007151713663825392,42.040702466511874,False,jia
379,2244239792,0.007155448113212792,40.73306360850089,False,jia
380,1102777103,0.0071541559685496005,42.22085576045788,False,jia
381,2937202006,0.0071528896800805535,43.31873904817208,False,jia
382,2283104663,0.007155943016730344,41.090105303671706,False,jia
383,908287900,0.007151096414422802,40.93125482750882,False,jia
384,2842221789,0.007154490596779023,41.2094369707711,False,jia
385,3654167843,0.0071529849287405535,42.22168930693897,False,jia
386,921110584,0.007147075633953433,42.20288628690159,False,jia
387,1543728275,0.007152352382971328,44.15821345184423,False,jia
388,3771830365,0.007148978204377024,41.45721242364611,False,jia
389,1978922231,0.007150891978124776,41.258967442672855,False,jia
390,3387424202,0.007148488817030689,42.78457138524281,False,jia
391,796400121,0.007155333098829539,41.5901829213394,False,jia
392,3483560082,0.007150883945045641,41.65614872680565,False,jia
393,3248290870,0.007154807909956399,41.44074623211217,False,jia
394,621276701,0.0071497610838937254,42.93231600480559,False,jia
395,826352917,0.007150523628724931,42.81015607046859,False,jia
396,3596754838,0.007145403952591255,43.16410815125888,False,jia
397,1406320926,0.007151605316609522,42.22529330015931,False,jia
398,536904455,0.007152477674825243,42.59478622428267,False,jia
399,3685511454,0.007151722925091612,41.8746316061581,False,jia
400,2282909592,0.007150165710485512,43.27624667143179,False,jia
401,1435056840,0.007151276148866996,41.71867056398783,False,jia
402,3677755016,0.0071549516252177705,41.62922403389953,False,jia
403,3561311998,0.007152158922957706,41.43882060039654,False,jia
404,748565502,0.0071530597030241725,44.227394525791844,False,jia
405,3677330685,0.007152148073465607,42.06793065273285,False,jia
406,1328624033,0.007147675943020323,40.73760500066166,False,jia
407,857084893,0.007152713156358239,42.97660718681381,False,jia
408,2013158575,0.007152848018891208,39.81898066410538,False,jia
409,1090037367,0.007147436361334881,43.073789028877364,False,jia
410,3602490481,0.0071570278976284376,42.27062158597927,False,jia
411,895367271,0.00715460619433416,41.09614719958649,False,jia
412,3220046091,0.007154162910810586,42.565715746074126,False,jia
413,3425432277,0.007151138599430832,43.08523125744021,False,jia
414,1614291338,0.007148436609279943,41.317099498301516,False,jia
415,628032578,0.007150499906509444,42.817573035789565,False,jia
416,2189916916,0.007150774689576477,43.12512139771499,False,jia
417,830602044,0.007156899417115166,41.85792531135998,False,jia
418,625266572,0.007149264314584782,41.5751723329134,False,jia
419,3581129903,0.0071529387775295,40.27433103232301,False,jia
420,402487097,0.007150749902402473,41.2816802511193,False,jia
421,4020424268,0.0071542590829426845,41.01942512608577,False,jia
422,3102443584,0.007153228596631937,41.190262726654936,False,jia
423,1153763144,0.007153098403059556,41.05026313096561,False,jia
424,3010383501,0.007154981561608305,41.120158305373984,False,jia
425,2192646673,0.007152375929898624,41.52861067102718,False,jia
426,1622594405,0.007150215898444166,42.19928588344934,False,jia
427,1606142236,0.007152135664018355,41.26663261482417,False,jia
428,22636621,0.007149873102798778,41.92412995521563,False,jia
429,432717119,0.007154071034745386,41.17888802977572,False,jia
430,3361099436,0.007157381179463469,41.56914280227328,False,jia
431,2665521269,0.007150980321399026,42.44224898313725,False,jia
432,3342387074,0.007150899403228874,41.096809868114484,False,jia
433,2752382821,0.007149878108297089,42.73966221725807,False,jia
434,476643337,0.007153926354929106,41.597357140900414,False,jia
435,2043963301,0.0071554434308825614,40.85869887795207,False,jia
436,192605378,0.007153224852521121,42.04902029376769,False,jia
437,3763057517,0.007153136865973975,42.57630688481878,False,jia
438,822055127,0.007152877860107882,41.49067641976355,False,jia
439,931420394,0.007148195770718571,40.281685797896984,False,jia
440,3244723866,0.007152351955904001,42.04876549099387,False,jia
441,4270205729,0.007153468639666286,42.47762798486384,False,jia
442,2065709165,0.007147297791401847,44.154847575951436,False,jia
443,1278833405,0.007151420131846634,42.080051696706136,False,jia
444,3603623001,0.0071493713211690565,42.486437108041216,False,jia
445,1955235843,0.007152081834231557,42.01910776145565,False,jia
446,624297747,0.007146496739077452,41.77915260967207,False,jia
447,798818454,0.0071513661428840285,40.223598745284825,False,jia
448,3861688336,0.007154243589254557,40.15515111730226,False,jia
449,1919511008,0.0071556435136868705,42.0645758164653,False,jia
450,2637216027,0.007149221720748768,42.61037047337471,False,jia
451,3118723443,0.007155717272744943,41.49540314418527,False,jia
452,3033201352,0.007154958279345308,41.246872687737884,False,jia
453,165619309,0.007149728013446149,43.00073725556064,False,jia
454,3139726880,0.007150561421701416,43.59281777638043,False,jia
455,1218755070,0.007150680576941547,41.90308917495146,False,jia
456,1343296439,0.007151681043155563,40.635011425122926,False,jia
457,295697702,0.00715309418392955,39.140559424300704,False,jia
458,2884656487,0.007150127922282096,43.323560183169505,False,jia
459,2045992101,0.007147310723181814,44.02808497317366,False,jia
460,2560533983,0.007155700827180063,40.04028307208341,False,jia
461,2550370154,0.007150820097371593,43.197267907527426,False,jia
462,865588087,0.007152986730053993,40.85333892789148,False,jia
463,4265100633,0.007151900838001091,41.79086517423983,False,jia
464,807916588,0.0071528168490448355,42.06127568478,False,jia
465,1586810168,0.007156257077937365,39.793332973115305,False,jia
466,1785648863,0.007153342071858529,42.433235150964975,False,jia
467,2222852637,0.007150938199801358,42.00666104518466,False,jia
468,1594341479,0.0071487460707641,43.0529641820162,False,jia
469,1438822881,0.007152756644165162,41.617881355748096,False,jia
470,2658935053,0.007152522996780321,43.15738896053361,False,jia
471,2707917477,0.0071511945943572635,42.00184769311289,False,jia
472,2803721060,0.007150879416966958,43.08019374896974,False,jia
473,1395412558,0.007150297524561246,42.508065712126836,False,jia
474,4162612182,0.007150995425002954,43.18393647640858,False,jia
475,672699311,0.007146103211793156,43.498243343569065,False,jia
476,2984443971,0.007156271391347876,39.923966400515006,False,jia
477,794106453,0.007157409871256013,40.522551583134515,False,jia
478,1110004159,0.007151695050057693,43.2732539184806,False,jia
479,2749340053,0.007150660167789702,42.505293738958855,False,jia
480,2296486854,0.007148759925293409,42.94486467057932,False,jia
481,4218994637,0.007151488695596715,42.23342385848728,False,jia
482,1058166033,0.0071541578212869755,41.94991801343479,False,jia
483,397096617,0.007147226462672992,42.91586209583146,False,jia
484,2094587817,0.007156658277870728,39.70546026398372,False,jia
485,2540345896,0.007151517567073532,43.556497434829204,False,jia
486,794727714,0.007148821946843167,42.45144381311379,False,jia
487,1437891374,0.007152504162915674,44.96503951348605,False,jia
488,4117925988,0.007154419696008386,40.19518846617747,False,jia
489,1456542849,0.007152659058639588,41.154837651408194,False,jia
490,3533015500,0.007155603239164507,42.36573982183613,False,jia
491,1308705019,0.007151249134271533,40.03816015935813,False,jia
492,4284291081,0.007154229913959347,40.09720126242422,False,jia
493,2873278973,0.007150380043824169,42.82249042203385,False,jia
494,2639462074,0.00715325332584628,41.717049781806146,False,jia
495,2622914202,0.0071514659088932,41.08747865328556,False,jia
496,467964318,0.007153647149842656,42.17139816874352,False,jia
497,633343896,0.007156255978112807,39.96562011090801,False,jia
498,1649588869,0.007146355909776373,42.2122394940531,False,jia
499,483049793,0.007155148139878325,41.90451450072087,False,jia
0,1534300902,0.007029280731247413,37.8926881823896,False,lanoiselee
1,1164467785,0.007031855287429598,38.84350358622818,False,lanoiselee
2,4019571495,0.007032910888678963,38.31136944976317,False,lanoiselee
3,2983006718,0.007033999542594501,39.40767869651164,False,lanoiselee
4,663946948,0.007026483215761334,38.61391509730361,False,lanoiselee
5,2583953223,0.007030961430230887,38.30720195821419,False,lanoiselee
6,3497155382,0.007027714513181427,36.49314002142965,False,lanoiselee
7,2405417119,0.007027138382802953,37.846600167236076,False,lanoiselee
8,1091055109,0.007032915467096383,36.952628687010304,False,lanoiselee
9,2162377008,0.007030361348121871,38.12271302277641,False,lanoiselee
10,1071400724,0.007032558272084291,36.959374453652686,False,lanoiselee
11,1001995638,0.0070310296097493,36.89994220528975,False,lanoiselee
12,217238942,0.007028492580039062,37.834937722406586,False,lanoiselee
13,2777003693,0.00703083628914158,37.27579503715734,False,lanoiselee
14,2511684999,0.007024637470121109,37.864285129618885,False,lanoiselee
15,3514559089,0.007032649242673229,38.60806795604352,False,lanoiselee
16,239398304,0.007028689834034681,36.693345077167415,False,lanoiselee
17,3322505347,0.007029607149296482,39.31024002340976,False,lanoiselee
18,3953749680,0.007029263310128863,37.986830187127204,False,lanoiselee
19,4150699475,0.007028194801675157,38.48426497696496,False,lanoiselee
20,732921353,0.007033107918699161,38.13462755342717,False,lanoiselee
21,2719692682,0.007031259966180782,38.116843604244536,False,lanoiselee
22,3518170764,0.0070307171658373704,37.75158777996569,False,lanoiselee
23,254278565,0.007032377754615047,38.43036686198308,False,lanoiselee
24,1658562289,0.007030250564180982,37.63972166135208,False,lanoiselee
25,2309534912,0.0070298164311929975,35.90979085689209,False,lanoiselee
26,4293083682,0.007028615473600101,37.91810986418839,False,lanoiselee
27,1857116490,0.007033813587074069,36.99132181618987,False,lanoiselee
28,3033267766,0.0070306513412339644,38.22849229979138,False,lanoiselee
29,1806365140,0.007027201296647382,39.24973933954917,False,lanoiselee
30,3331038350,0.007029888681263292,39.64623196304545,False,lanoiselee
31,2025001860,0.007032931677454209,38.69935789305003,False,lanoiselee
32,2942027868,0.007030471299126698,38.559026026419744,False,lanoiselee
33,4169642204,0.007032793037643862,36.798180527950564,False,lanoiselee
34,1091660028,0.0070311470273445986,37.496242050123776,False,lanoiselee
35,3944194234,0.007038783667311407,37.84947717811639,False,lanoiselee
36,560005137,0.007030671333885447,37.02641971752818,False,lanoiselee
37,2272979157,0.007030785079409001,36.137386819590404,False,lanoiselee
38,1854366202,0.007030051454519957,37.422861054324095,False,lanoiselee
39,3314029215,0.007032557860485982,37.26587660577772,False,lanoiselee
40,2177302990,0.00703269427522242,38.342314568574594,False,lanoiselee
41,2333526058,0.007027724112750945,36.63991822459731,False,lanoiselee
42,2000950190,0.007032041389486956,36.40683748927074,False,lanoiselee
43,2819219278,0.007031936870144259,38.154972165304216,False,lanoiselee
44,200634381,0.007033329420824952,37.52097207744117,False,lanoiselee
45,470141706,0.007028841609942283,37.36730977396765,False,lanoiselee
46,2107529510,0.007030146843750448,36.97577421983985,False,lanoiselee
47,767093248,0.00702582257024868,36.83959095361283,False,lanoiselee
48,2938017294,0.007029904015565709,36.93173508650978,False,lanoiselee
49,3859383813,0.007030067824157972,37.5490665706848,False,lanoiselee
50,819622437,0.007030092447329333,36.391316382790635,False,lanoiselee
51,3648799017,0.007029232027652732,37.25487076023745,False,lanoiselee
52,3293487730,0.0070336648234387905,38.288886613313075,False,lanoiselee
53,63475677,0.007030016226983905,37.069557307305296,False,lanoiselee
54,171080708,0.007029590726327207,36.803857112109654,False,lanoiselee
55,967777747,0.007030480151525662,35.91491159997892,False,lanoiselee
56,2487597265,0.007029598355290742,37.51997241360176,False,lanoiselee
57,1451114484,0.007027855115247042,38.951242293667036,False,lanoiselee
58,1097024391,0.007029537210183684,37.290239369640474,False,lanoiselee
59,4257086724,0.0070312729192262315,36.7005683512359,False,lanoiselee
60,3394070926,0.007030068048493557,38.10755429869814,False,lanoiselee
61,3428450892,0.007030485724769357,37.76980431857846,False,lanoiselee
62,1036898910,0.00703068124565326,37.61941170463643,False,lanoiselee
63,1564636315,0.007026770783628784,36.63431538803,False,lanoiselee
64,1183206668,0.007028920304720754,37.361358382840876,False,lanoiselee
65,789486627,0.0070284300710444685,38.719070234040345,False,lanoiselee
66,3792746941,0.007032988903474239,36.69720472377706,False,lanoiselee
67,4116075158,0.007030091402583188,35.67494958004605,False,lanoiselee
68,1836560096,0.007032565652749411,38.54437955601537,False,lanoiselee
69,1244026418,0.007028714420817438,38.01985279723684,False,lanoiselee
70,1681383947,0.0070329409680375396,36.86971834041319,False,lanoiselee
71,3812871534,0.0070321716667239905,37.77457754329452,False,lanoiselee
72,1873554360,0.007028955758650401,36.19351956188953,False,lanoiselee
73,3962708171,0.0070323778852834865,37.342214527419834,False,lanoiselee
74,426170304,0.007026594266067318,37.92356097733271,False,lanoiselee
75,1232346705,0.007032721664436095,36.34889702274581,False,lanoiselee
76,849750642,0.007031429194062834,37.040255105641656,False,lanoiselee
77,3814594969,0.007029857938313092,37.50317992311243,False,lanoiselee
78,4209807319,0.007032412399026116,37.18326800553224,False,lanoiselee
79,1082998195,0.007028507311459091,38.56257687255598,False,lanoiselee
80,2986786815,0.007032036193672275,36.8952006045466,False,lanoiselee
81,4108379753,0.0070279441049042836,38.67510388772342,False,lanoiselee
82,231629173,0.007031843191109114,37.07768049735466,False,lanoiselee
83,63657658,0.007027793062219488,38.20602610826163,False,lanoiselee
84,833224081,0.0070317505686070415,36.988778150198485,False,lanoiselee
85,2320017902,0.007027858637158597,38.39338040423146,False,lanoiselee
86,3253037847,0.007026280878462936,38.67846351781458,False,lanoiselee
87,2364839727,0.007029726656505936,36.760891433202424,False,lanoiselee
88,2130290988,0.0070286269787226945,36.69750398939159,False,lanoiselee
89,1651516543,0.007031298700705348,40.18462486483444,False,lanoiselee
90,2057169013,0.007032923380667293,36.77845757442224,False,lanoiselee
91,128842784,0.00702924718109922,38.202278097092794,False,lanoiselee
92,406019861,0.007027840277411218,37.645973425104756,False,lanoiselee
93,704344243,0.007029181688312466,37.863795201680325,False,lanoiselee
94,1958806023,0.007030548349654192,38.770560089719766,False,lanoiselee
95,3170964429,0.007031856184579534,37.29845659615819,False,lanoiselee
96,1773728103,0.007028361801914218,37.326153823933666,False,lanoiselee
97,921265495,0.007029290697610709,37.21485055371613,False,lanoiselee
98,1090685191,0.007031281228299904,36.127578939175606,False,lanoiselee
99,3177115778,0.007029860789056617,37.065011359687475,False,lanoiselee
100,2901401872,0.007028135057012659,36.362888931199905,False,lanoiselee
101,2688748388,0.007030903438627018,37.97360167464666,False,lanoiselee
102,3536550427,0.00703209729431791,36.53291414416594,False,lanoiselee
103,377874562,0.007029957694960567,37.62439568305711,False,lanoiselee
104,3237630466,0.007030078006345347,38.20761423752734,False,lanoiselee
105,1431627175,0.007031550541329383,38.556054355848744,False,lanoiselee
106,1161248586,0.00702883246337635,38.85481205658626,False,lanoiselee
107,3901944589,0.0070301686319805224,36.47902633546309,False,lanoiselee
108,2179040172,0.007028367777298667,38.441062346504985,False,lanoiselee
109,176326870,0.0070310074138871985,37.43325494448227,False,lanoiselee
110,820506100,0.007033406804167353,38.7348968747611,False,lanoiselee
111,3181136315,0.007030970810798751,37.816873919032,False,lanoiselee
112,3964260103,0.00703016237741524,37.437099015056965,False,lanoiselee
113,4178652405,0.007031841581043581,36.71768373822478,False,lanoiselee
114,3788341217,0.007030341828582821,38.24406693618542,False,lanoiselee
115,957874098,0.007033282201558783,38.47452226739557,False,lanoiselee
116,29944131,0.007030247592475568,37.21270362133216,False,lanoiselee
117,1111775053,0.007030210007408197,38.693843556504504,False,lanoiselee
118,1010955946,0.007028999178400871,38.04454419517526,False,lanoiselee
119,517509371,0.00702891591585316,39.572024259863525,False,lanoiselee
120,1943261964,0.007033113405996189,38.040705443259846,False,lanoiselee
121,2127435000,0.007031076159498974,36.78406182299976,False,lanoiselee
122,509455097,0.007028039238357615,36.71075894472398,False,lanoiselee
123,319395442,0.007028298592464652,36.46587470781597,False,lanoiselee
124,564255198,0.007029717551613758,38.127536425395036,False,lanoiselee
125,2608775170,0.007030246845122845,36.31417724133249,False,lanoiselee
126,1823278835,0.007030989671920043,38.47228529289486,False,lanoiselee
127,3159698211,0.007031126250716516,36.997806680854225,False,lanoiselee
128,1823933577,0.007033236412306399,38.489467056315135,False,lanoiselee
129,2565951791,0.007030182535840226,36.57310733862676,False,lanoiselee
130,2249098059,0.007027365649636124,38.395905785393644,False,lanoiselee
131,3939014736,0.007031792174004695,36.562158450434346,False,lanoiselee
132,3001009342,0.007029569092068405,37.6543151381839,False,lanoiselee
133,1202012316,0.0070282083051040325,38.18548347113799,False,lanoiselee
134,1061015159,0.0070319664983020105,37.77863921762297,False,lanoiselee
135,2235407673,0.00703045981923938,37.22265457817213,False,lanoiselee
136,2149119051,0.007031342403670155,36.22664540383446,False,lanoiselee
137,3725782659,0.007030598073805112,37.28089185205716,False,lanoiselee
138,1172168278,0.00702956259339415,38.421045910841706,False,lanoiselee
139,2478348998,0.007034631917004158,38.43644994697187,False,lanoiselee
140,1641730345,0.007030576372671192,38.746793451112396,False,lanoiselee
141,3530587513,0.0070325709357704266,38.4742322546031,False,lanoiselee
142,2213494744,0.007031251357418684,40.191957318605084,False,lanoiselee
143,3186677741,0.007030169742033781,38.89651308415297,False,lanoiselee
144,1533444623,0.007024888081596787,37.72917833122134,False,lanoiselee
145,1235402316,0.007032941671249272,36.599631824615926,False,lanoiselee
146,2533740391,0.007031296624484218,38.60949237081174,False,lanoiselee
147,1556245661,0.007030367278687398,36.90013207250296,False,lanoiselee
148,486096565,0.007031689827456273,38.57856736555438,False,lanoiselee
149,4235545204,0.007031683682214569,38.00000482061725,False,lanoiselee
150,1245241074,0.007032577384001758,35.29655998406108,False,lanoiselee
151,3376914126,0.0070277955456624006,37.04688251340576,False,lanoiselee
152,3574178072,0.00703060485591833,38.526001913464754,False,lanoiselee
153,1587701800,0.007030538352367477,37.9563051033467,False,lanoiselee
154,2989105546,0.007031851473991378,37.007573654852465,False,lanoiselee
155,2810786494,0.00703017256886693,37.15557288036887,False,lanoiselee
156,4173236957,0.007029101584540757,37.53388616605741,False,lanoiselee
157,2710233543,0.0070301590626759775,36.58930776630858,False,lanoiselee
158,4267395681,0.0070352623228784935,38.09854307712138,False,lanoiselee
159,4121886027,0.007031267737890446,37.738810138899765,False,lanoiselee
160,1073601572,0.00702872505620519,36.93887557867598,False,lanoiselee
161,1171170576,0.007031643456174794,36.31848162546196,False,lanoiselee
162,142753959,0.007030151709052233,37.25080705672262,False,lanoiselee
163,2317997291,0.007033070579499825,39.51176764978977,False,lanoiselee
164,1370879505,0.007029434476031879,37.59446861671206,False,lanoiselee
165,450190388,0.007029927055500996,37.91641227462435,False,lanoiselee
166,2152101347,0.007031284640192467,37.902590263022596,False,lanoiselee
167,3915255261,0.007031978523125992,36.88560361404713,False,lanoiselee
168,1235944172,0.007025337242826555,38.52695006091272,False,lanoiselee
169,1636074492,0.007029502678531102,35.4155162265776,False,lanoiselee
170,976382066,0.007030117291594085,38.58120674261188,False,lanoiselee
171,3104681164,0.007028214801252576,36.98028035188155,False,lanoiselee
172,2694063870,0.007029115687975765,37.64117209579639,False,lanoiselee
173,705731965,0.007032940539490552,38.07841956048675,False,lanoiselee
174,3267905192,0.007028808599641861,37.92345068614029,False,lanoiselee
175,4023263509,0.007026087798946828,37.274493897743916,False,lanoiselee
176,2025987045,0.007027343144161796,38.51738033084199,False,lanoiselee
177,1311561390,0.007029266831923788,38.135051434408865,False,lanoiselee
178,1299828921,0.007030475564323738,38.61010165612739,False,lanoiselee
179,1292891977,0.007030756736235705,38.39792093609753,False,lanoiselee
180,470678547,0.007032688633105579,37.74258538656767,False,lanoiselee
181,208592408,0.0070300520916799945,37.13374212701782,False,lanoiselee
182,3775551779,0.007030610322966438,37.934870436439745,False,lanoiselee
183,2552742652,0.007030001520738528,38.43689601759346,False,lanoiselee
184,133161658,0.007032805377805365,36.751095957425306,False,lanoiselee
185,1701700686,0.007032957162429838,38.200972245566156,False,lanoiselee
186,4176284458,0.007025371250070006,37.83550419436388,False,lanoiselee
187,1462109702,0.007028880552362663,38.282189437138946,False,lanoiselee
188,1426698810,0.0070314641753285445,37.89959734607123,False,lanoiselee
189,2610390100,0.007032087634097423,38.4430507774364,False,lanoiselee
190,2452554139,0.007030963738086139,36.96114225914721,False,lanoiselee
191,2754731849,0.0070282560592859885,36.99649262494999,False,lanoiselee
192,2795880730,0.007029635259434136,37.64249991677951,False,lanoiselee
193,2002338523,0.007028152595505236,38.04976384393352,False,lanoiselee
194,3825570715,0.007029249358528546,37.407404792394026,False,lanoiselee
195,1659367143,0.007028836742700288,38.89221621332729,False,lanoiselee
196,2732557950,0.007031899379532673,36.93689862837184,False,lanoiselee
197,222381867,0.007031870652742405,36.399425938631296,False,lanoiselee
198,2831530895,0.007029640022095158,39.146745352949225,False,lanoiselee
199,3319199097,0.007034993158965973,39.084038651044864,False,lanoiselee
200,3176432802,0.007032199528648741,37.306084723121835,False,lanoiselee
201,1827669584,0.007031367221800308,35.91038189902387,False,lanoiselee
202,430921256,0.007033033627686682,38.37420636497078,False,lanoiselee
203,2591277476,0.007030612196550068,37.34005878664232,False,lanoiselee
204,3250752428,0.0070319801855835175,37.2342606343522,False,lanoiselee
205,522977510,0.007032352507557575,36.942208477687885,False,lanoiselee
206,708675793,0.007027844005579326,38.46804009630023,False,lanoiselee
207,2567628822,0.0070315166815288575,36.368673492165776,False,lanoiselee
208,76537516,0.007031513089801079,38.542126517380034,False,lanoiselee
209,1918425851,0.007032402061926748,38.1744653005024,False,lanoiselee
210,1241378847,0.00702820892817293,36.421586886706415,False,lanoiselee
211,3928562307,0.00703142637236332,37.17378983342285,False,lanoiselee
212,4151399654,0.00702816488558257,39.959345252274375,False,lanoiselee
213,3220380728,0.007029520644194892,36.96335328410611,False,lanoiselee
214,3292997990,0.00703276419586692,38.167616120043725,False,lanoiselee
215,497822434,0.007029365851275316,36.89583254572855,False,lanoiselee
216,2439951174,0.007024205981515773,37.98766486426832,False,lanoiselee
217,3267356194,0.0070337995067223675,36.545826783509,False,lanoiselee
218,672709555,0.0070326537476951435,39.18650526462083,False,lanoiselee
219,1801726328,0.007027786416211282,36.63073970137881,False,lanoiselee
220,3076602667,0.007029497896584391,36.84081864111419,False,lanoiselee
221,3602069613,0.007030813676834818,37.38357761704584,False,lanoiselee
222,3629340138,0.007027509506346327,37.27717883688992,False,lanoiselee
223,254543892,0.007030304117226848,37.130400116566534,False,lanoiselee
224,3315409687,0.007030025369576564,37.580180721796445,False,lanoiselee
225,487126274,0.007031431734633564,37.389393288418184,False,lanoiselee
226,3561670529,0.007029982315417332,38.103858466850035,False,lanoiselee
227,4113537158,0.007027158374041102,37.63784686807905,False,lanoiselee
228,3878899909,0.007036400904646007,37.073855509192406,False,lanoiselee
229,4221216848,0.007029714245292387,37.109909277778755,False,lanoiselee
230,182011415,0.007032083141792763,38.153358572404244,False,lanoiselee
231,2945910666,0.0070310976581128845,37.89779804965461,False,lanoiselee
232,2117922477,0.007031597519305269,38.057372882001864,False,lanoiselee
233,3943632134,0.007033308744716259,36.41673459205297,False,lanoiselee
234,3210699483,0.007030618560431423,37.982816658277564,False,lanoiselee
235,915892273,0.007027675473017145,36.42017828031462,False,lanoiselee
236,3932573701,0.007031992930279267,36.41007452649766,False,lanoiselee
237,430943987,0.00702897550474584,37.50782913266843,False,lanoiselee
238,782762171,0.007029036201666058,37.019523501792214,False,lanoiselee
239,2100308787,0.007029803407194089,38.51859901773458,False,lanoiselee
240,3468204677,0.0070322102770183905,38.488150175583414,False,lanoiselee
241,2719858451,0.007028542447224375,38.37595354467566,False,lanoiselee
242,3443860684,0.007032376969738621,37.10759678834253,False,lanoiselee
243,747830971,0.007030788165902424,37.71205660317546,False,lanoiselee
244,3887145181,0.007028999716749059,38.059438890505945,False,lanoiselee
245,1840390699,0.007029460954151037,37.239560418159876,False,lanoiselee
246,528786013,0.007025686589108353,37.84945995113502,False,lanoiselee
247,2828115383,0.007025883035465892,36.39067227250122,False,lanoiselee
248,2237942307,0.007028891392099703,38.69498055054822,False,lanoiselee
249,1185083516,0.007032702961415652,36.5805666319497,False,lanoiselee
250,3931397776,0.0070295480731429535,38.028534594025,False,lanoiselee
251,1991475724,0.007030326961229931,37.387660649107104,False,lanoiselee
252,935687766,0.0070311718578341354,36.8610093231258,False,lanoiselee
253,4244918982,0.007032916492314373,38.07967394386475,False,lanoiselee
254,686067119,0.007027929628165985,37.79955214472463,False,lanoiselee
255,3422065638,0.007033032598304213,38.28598674077016,False,lanoiselee
256,3146498781,0.00703100652314685,37.23113511742612,False,lanoiselee
257,887514465,0.00702963273418471,36.98753571051791,False,lanoiselee
258,457802394,0.007031657053639685,37.234857304347464,False,lanoiselee
259,3512842940,0.007029651203161988,38.06772854347371,False,lanoiselee
260,3960792534,0.007029828769699541,37.8414814681339,False,lanoiselee
261,3864271659,0.00703200511126332,38.58925788378661,False,lanoiselee
262,688114642,0.007030120116547248,36.221896819112494,False,lanoiselee
263,1830129806,0.007029710699327577,37.65805333496221,False,lanoiselee
264,3225176720,0.007027462396833336,36.12446068059558,False,lanoiselee
265,851572338,0.007027828246401548,38.85551098751233,False,lanoiselee
266,1871546228,0.007030352343827706,38.834768737271425,False,lanoiselee
267,1936044167,0.007031909185038325,35.45233660086406,False,lanoiselee
268,3372879648,0.007032788026341197,38.78780837037281,False,lanoiselee
269,3204362402,0.00702619225868291,39.15941145209121,False,lanoiselee
270,47799706,0.007027862790514974,35.44673873845603,False,lanoiselee
271,1278464186,0.0070305212570747405,37.42010465852933,False,lanoiselee
272,518401371,0.007026846661472064,37.06686039835857,False,lanoiselee
273,3661969487,0.007029799913441329,36.892033242490115,False,lanoiselee
274,663950393,0.00703495998315869,39.1183037189276,False,lanoiselee
275,1532553994,0.00702618664325622,36.37456637359841,False,lanoiselee
276,1346547831,0.007031207966875414,37.59417622329291,False,lanoiselee
277,876345254,0.007029882863068989,37.311281353264405,False,lanoiselee
278,2603480731,0.007029163244913851,37.684163631602885,False,lanoiselee
279,68243990,0.0070275623528435385,37.758464420577525,False,lanoiselee
280,4128367773,0.007032666367398295,39.83829648581679,False,lanoiselee
281,371281863,0.007029121252599334,37.66426805715638,False,lanoiselee
282,2270938196,0.007033546715647219,37.05138360729819,False,lanoiselee
283,45046876,0.007033256510033597,37.395071167172404,False,lanoiselee
284,544891243,0.007031588442627946,36.8633654148541,False,lanoiselee
285,3208768402,0.007027171337280642,37.19730216307632,False,lanoiselee
286,3473651324,0.007032665292664773,38.009592918645446,False,lanoiselee
287,2167583842,0.0070312088223531315,39.15039072070529,False,lanoiselee
288,686382895,0.007030547258824627,36.404032811159325,False,lanoiselee
289,1697127465,0.007032325021918751,36.094300221362914,False,lanoiselee
290,2125130665,0.007028050659267438,37.4256585860514,False,lanoiselee
291,2351205166,0.007025384894005706,36.88299494427515,False,lanoiselee
292,4239249511,0.007028392842291401,38.05730445605456,False,lanoiselee
293,1973918471,0.007029192461257619,37.09247118958868,False,lanoiselee
294,655674993,0.007029921735895524,38.4581484496204,False,lanoiselee
295,827691858,0.007030933236972263,38.064247418892,False,lanoiselee
296,3493992394,0.007031445905844629,37.891193816884,False,lanoiselee
297,956362155,0.00703065743278444,37.492064957088296,False,lanoiselee
298,2146157356,0.007030038077459515,37.67788294830399,False,lanoiselee
299,3414271537,0.007032607244754785,37.56635720698888,False,lanoiselee
300,559849590,0.007031302635523004,37.436542356260865,False,lanoiselee
301,450853063,0.007033048116236261,36.9364274162092,False,lanoiselee
302,1840998136,0.007032980754341713,37.64678393337324,False,lanoiselee
303,1795107178,0.007031766433131509,37.5223678174587,False,lanoiselee
304,2106992203,0.007031069258319912,37.27454153171342,False,lanoiselee
305,184672165,0.007029655596689038,38.93066883340385,False,lanoiselee
306,802108414,0.007028477777544389,38.092731934133,False,lanoiselee
307,231086063,0.00703235012231576,37.9080836079651,False,lanoiselee
308,2446854899,0.007030162123294624,36.04128485524774,False,lanoiselee
309,1671461478,0.007033373167989832,37.777339974547935,False,lanoiselee
310,3537148433,0.0070280439567812205,38.43713367759626,False,lanoiselee
311,3688361700,0.007033178435943652,35.452619486997605,False,lanoiselee
312,1245463590,0.0070310074963953854,36.780727397706585,False,lanoiselee
313,1013036980,0.007035359939705708,36.36873047673229,False,lanoiselee
314,1226215973,0.007030823918196485,37.486080409997946,False,lanoiselee
315,364652306,0.007031360053845559,37.08541871972539,False,lanoiselee
316,1283061897,0.007028276201539018,37.48668347579702,False,lanoiselee
317,1470283,0.007027003453435972,37.05899037992379,False,lanoiselee
318,199832425,0.00703241770576563,37.80070020602986,False,lanoiselee
319,3097771470,0.007030507673195516,36.80434165556052,False,lanoiselee
320,2696106355,0.007032421220294546,37.28730957280904,False,lanoiselee
321,2232758850,0.007026512284801801,37.935356187603624,False,lanoiselee
322,3033895628,0.007028567247993596,36.663591202964106,False,lanoiselee
323,1430392515,0.007029172723848658,36.91018004111567,False,lanoiselee
324,1969129604,0.007030515716656828,37.319842455665224,False,lanoiselee
325,5218528,0.007035005713787409,36.92327266319991,False,lanoiselee
326,4240644077,0.007031621977637821,37.350813223488416,False,lanoiselee
327,2534146558,0.007030984618426044,38.34223475287439,False,lanoiselee
328,1333938853,0.007031418248671068,38.02011192983021,False,lanoiselee
329,3136855569,0.0070299501672503,37.59605844577983,False,lanoiselee
330,3815004550,0.007029082709912859,38.85224754561596,False,lanoiselee
331,3698222296,0.007031215748395844,39.028035459087896,False,lanoiselee
332,354739652,0.007030518603820706,36.63286628209738,False,lanoiselee
333,3529987274,0.007024761913771833,38.03935042043141,False,lanoiselee
334,541453122,0.007033048023718612,38.08532800061598,False,lanoiselee
335,2204998005,0.007030045482006437,35.84745824907649,False,lanoiselee
336,3732966087,0.007029435569626941,36.78841821847295,False,lanoiselee
337,264182764,0.0070287385950184005,36.65345317144324,False,lanoiselee
338,2396125026,0.007030954259408694,37.5552424617096,False,lanoiselee
339,2059248617,0.007033722756939236,37.68477211582656,False,lanoiselee
340,669435055,0.007028544125320919,37.45904581391315,False,lanoiselee
341,2061517957,0.007030896363489699,39.10939031007196,False,lanoiselee
342,1650518464,0.007029668642989744,36.99533632034075,False,lanoiselee
343,3878520479,0.007032652793024626,36.69568358479209,False,lanoiselee
344,420856223,0.007027439276137937,36.442393878349215,False,lanoiselee
345,1017724464,0.0070341864345960315,37.97509883384449,False,lanoiselee
346,2942459410,0.007031594654342719,38.85503495115385,False,lanoiselee
347,737407379,0.0070275121057744765,37.23222682300084,False,lanoiselee
348,518087169,0.007031500219514411,38.47791400975024,False,lanoiselee
349,3715455698,0.007030786284333727,37.57418088328396,False,lanoiselee
350,947257689,0.007032532890905051,37.81039576649227,False,lanoiselee
351,2233220801,0.0070293417200589505,38.5340470824656,False,lanoiselee
352,3640735425,0.007034690953951039,37.74839720949259,False,lanoiselee
353,337515072,0.007031207863264742,36.08284983627986,False,lanoiselee
354,2466080105,0.0070316358177555625,37.07646169884323,False,lanoiselee
355,3333352744,0.007028288571292815,36.601165078859765,False,lanoiselee
356,728327546,0.0070262983977459805,36.02457627367779,False,lanoiselee
357,1105615897,0.007030982725989381,38.41014613111404,False,lanoiselee
358,2871640914,0.007031784658181259,37.838964410638035,False,lanoiselee
359,3069949897,0.00703259205891397,37.0763795489869,False,lanoiselee
360,3925486500,0.007026201730188837,37.24599890195065,False,lanoiselee
361,10626084,0.0070285832808775275,36.80843793119137,False,lanoiselee
362,601816781,0.007030973665798779,37.42785118587509,False,lanoiselee
363,159163699,0.007029069226354572,37.43545258311936,False,lanoiselee
364,1085320835,0.007032947261134573,36.85469451254519,False,lanoiselee
365,4146889783,0.007033599196198764,35.7374422579403,False,lanoiselee
366,2063061599,0.0070276087026514555,38.43664078395104,False,lanoiselee
367,115397056,0.007029051958609338,37.34742555122797,False,lanoiselee
368,2299618652,0.007029444515606452,38.01938302769593,False,lanoiselee
369,2262158053,0.007034554578847585,38.065048677831065,False,lanoiselee
370,3562804231,0.007027959216537099,39.731936575564376,False,lanoiselee
371,1838309041,0.007028540463666607,36.09524745236685,False,lanoiselee
372,1613819215,0.007029216212164952,38.825679342686804,False,lanoiselee
373,1473139458,0.0070318070005674655,36.43371594406457,False,lanoiselee
374,4119963970,0.007028867540781421,38.35859569144534,False,lanoiselee
375,1990630631,0.007027844757562932,37.64956982770291,False,lanoiselee
376,2797029371,0.007033068173274967,37.87127988626655,False,lanoiselee
377,3519417921,0.0070290424083125,37.43155572516867,False,lanoiselee
378,2335389154,0.00703048903750529,36.833769682630646,False,lanoiselee
379,2244239792,0.007033509706959659,36.89997131074535,False,lanoiselee
380,1102777103,0.007032078445035115,37.572381012156434,False,lanoiselee
381,2937202006,0.007032155145765016,39.18971743929073,False,lanoiselee
382,2283104663,0.0070340695728244,36.67279490021947,False,lanoiselee
383,908287900,0.0070292074853165395,37.106831899906965,False,lanoiselee
384,2842221789,0.007032041686557625,36.873636492955896,False,lanoiselee
385,3654167843,0.007031619748516743,37.22080689539242,False,lanoiselee
386,921110584,0.007026530899616374,37.197171707605904,False,lanoiselee
387,1543728275,0.00703141573951735,38.35199453600172,False,lanoiselee
388,3771830365,0.007029490645973417,36.96820288783687,False,lanoiselee
389,1978922231,0.007030373726030276,36.96225280454445,False,lanoiselee
390,3387424202,0.007029251075916336,37.81211997273191,False,lanoiselee
391,796400121,0.00703260516413359,37.169793968883845,False,lanoiselee
392,3483560082,0.007027967854876628,37.56386795756685,False,lanoiselee
393,3248290870,0.0070315920291548146,37.39830994472022,False,lanoiselee
394,621276701,0.007028469341528612,38.30079000457563,False,lanoiselee
395,826352917,0.007027804212934979,37.81613158049551,False,lanoiselee
396,3596754838,0.007023009569283872,37.78129021317348,False,lanoiselee
397,1406320926,0.007028436030360615,37.80023301118071,False,lanoiselee
398,536904455,0.007030193996771719,38.15299078685118,False,lanoiselee
399,3685511454,0.0070298143573769055,38.04362665058124,False,lanoiselee
400,2282909592,0.00702766593218116,37.92050204073647,False,lanoiselee
401,1435056840,0.007029621412399134,37.16043312069952,False,lanoiselee
402,3677755016,0.007033194452834073,37.11474608402749,False,lanoiselee
403,3561311998,0.007031234985800275,36.36197747030142,False,lanoiselee
404,748565502,0.007031280539125804,39.51767511649309,False,lanoiselee
405,3677330685,0.00703045201234467,37.84139652179011,False,lanoiselee
406,1328624033,0.0070284451088532904,36.539461290192364,False,lanoiselee
407,857084893,0.007029120427268855,38.76805272951613,False,lanoiselee
408,2013158575,0.007030991967617083,35.634100580938075,False,lanoiselee
409,1090037367,0.007025979387104453,38.35179115387068,False,lanoiselee
410,3602490481,0.007032981500207275,37.4116119524991,False,lanoiselee
411,895367271,0.007032923218813633,37.021861176168294,False,lanoiselee
412,3220046091,0.007030815263780106,38.39480038666467,False,lanoiselee
413,3425432277,0.007028320220818455,38.19960725094015,False,lanoiselee
414,1614291338,0.007027704507566377,37.84216911159997,False,lanoiselee
415,628032578,0.007028379481492409,38.89711057606173,False,lanoiselee
416,2189916916,0.007029777967397855,38.55452134975572,False,lanoiselee
417,830602044,0.007034627618648731,37.30997464156535,False,lanoiselee
418,625266572,0.0070278615636887014,37.182812725046766,False,lanoiselee
419,3581129903,0.0070320289154541665,37.101283875263,False,lanoiselee
420,402487097,0.007028873575711621,37.75084794747717,False,lanoiselee
421,4020424268,0.007031121696533308,37.49139883639081,False,lanoiselee
422,3102443584,0.007031683460598959,37.23290224229955,False,lanoiselee
423,1153763144,0.007031030059187841,36.73172655609449,False,lanoiselee
424,3010383501,0.0070329531818727154,37.32137659745152,False,lanoiselee
425,2192646673,0.0070299893040016125,36.59179538578644,False,lanoiselee
426,1622594405,0.007028387770949584,37.76341630485028,False,lanoiselee
427,1606142236,0.007028371370357784,37.06294123639005,False,lanoiselee
428,22636621,0.007029313887464278,37.96673456806025,False,lanoiselee
429,432717119,0.007031975814538233,36.56428358478478,False,lanoiselee
430,3361099436,0.007035737579101554,37.898336806586904,False,lanoiselee
431,2665521269,0.007029101239301237,38.124518373249835,False,lanoiselee
432,3342387074,0.0070295238753181255,35.61845555976857,False,lanoiselee
433,2752382821,0.00702862260384316,37.962667955532055,False,lanoiselee
434,476643337,0.007030321536800405,37.41390007013325,False,lanoiselee
435,2043963301,0.007032045954477481,36.891078034184304,False,lanoiselee
436,192605378,0.007031321473292422,37.22058408896412,False,lanoiselee
437,3763057517,0.007030631078806905,38.47581456427662,False,lanoiselee
438,822055127,0.0070306847592671185,36.41166505578877,False,lanoiselee
439,931420394,0.007026572770696287,36.54112432156549,False,lanoiselee
440,3244723866,0.00703070620979512,37.863360156041324,False,lanoiselee
441,4270205729,0.007030273843223819,38.56944438972978,False,lanoiselee
442,2065709165,0.007027267150473506,38.51902014498494,False,lanoiselee
443,1278833405,0.0070297055411343975,37.40895632475809,False,lanoiselee
444,3603623001,0.007028545596342509,37.19073207424113,False,lanoiselee
445,1955235843,0.007030268997432567,37.58545337930257,False,lanoiselee
446,624297747,0.007025474967294049,37.65925671138606,False,lanoiselee
447,798818454,0.007029233268038752,35.44848857013127,False,lanoiselee
448,3861688336,0.00703206860409654,36.802215608689025,False,lanoiselee
449,1919511008,0.007031217299920717,37.067317391432255,False,lanoiselee
450,2637216027,0.007028981892941539,38.31709473531303,False,lanoiselee
451,3118723443,0.007032667028132293,37.39890811368223,False,lanoiselee
452,3033201352,0.007031797525488055,36.9993722172466,False,lanoiselee
453,165619309,0.0070281199651370235,38.233207419182655,False,lanoiselee
454,3139726880,0.007028977904499192,39.22808581421299,False,lanoiselee
455,1218755070,0.007028650418688559,37.26336151670744,False,lanoiselee
456,1343296439,0.007030314016940402,36.50996369656099,False,lanoiselee
457,295697702,0.007032314630299933,35.81140584722811,False,lanoiselee
458,2884656487,0.0070278834330347656,38.18472413948111,False,lanoiselee
459,2045992101,0.007025884541851683,39.15764561314126,False,lanoiselee
460,2560533983,0.007033920683404603,36.47895596002744,False,lanoiselee
461,2550370154,0.007031832942467482,38.86021353376345,False,lanoiselee
462,865588087,0.007031101420998966,36.80641556998248,False,lanoiselee
463,4265100633,0.007030650836879225,37.255524392017236,False,lanoiselee
464,807916588,0.00702974378220442,37.59044922873941,False,lanoiselee
465,1586810168,0.007033644848603418,35.67303411259376,False,lanoiselee
466,1785648863,0.007032364959189747,37.997300945907966,False,lanoiselee
467,2222852637,0.007028982297318735,37.880865250138235,False,lanoiselee
468,1594341479,0.007027715326715863,37.9022121563211,False,lanoiselee
469,1438822881,0.007030073443314693,37.28700340717599,False,lanoiselee
470,2658935053,0.007031146728234445,38.38323133937085,False,lanoiselee
471,2707917477,0.00702854514412878,38.03138375041824,False,lanoiselee
472,2803721060,0.007028710550101113,38.755039720503895,False,lanoiselee
473,1395412558,0.007030128214382573,37.409622220544584,False,lanoiselee
474,4162612182,0.007029393904230611,38.08776685873645,False,lanoiselee
475,672699311,0.007026398947423417,38.08127988586739,False,lanoiselee
476,2984443971,0.007033268527034064,35.564211497357,False,lanoiselee
477,794106453,0.0070335478954895595,36.499963781272626,False,lanoiselee
478,1110004159,0.007029997999215797,39.14218225063448,False,lanoiselee
479,2749340053,0.007028969988328287,38.04360916473107,False,lanoiselee
480,2296486854,0.0070282863772654774,37.93784030866757,False,lanoiselee
481,4218994637,0.007029584765896305,38.030025975923046,False,lanoiselee
482,1058166033,0.0070309684584335536,37.83320171545184,False,lanoiselee
483,397096617,0.007026436866580897,38.60725618242707,False,lanoiselee
484,2094587817,0.007033168662394098,35.20412658396105,False,lanoiselee
485,2540345896,0.007030722999570441,38.87262429430356,False,lanoiselee
486,794727714,0.007026773448308741,37.26820014804972,False,lanoiselee
487,1437891374,0.007028564444324112,39.8368639064828,False,lanoiselee
488,4117925988,0.007031948095640944,35.99262519577271,False,lanoiselee
489,1456542849,0.007029924720431871,36.85038741644994,False,lanoiselee
490,3533015500,0.0070326935873629235,37.93455322954611,False,lanoiselee
491,1308705019,0.007030306556417299,35.59630371564345,False,lanoiselee
492,4284291081,0.007031900336143342,35.933568211894574,False,lanoiselee
493,2873278973,0.007029021984318374,38.6828235645948,False,lanoiselee
494,2639462074,0.007030567459993532,37.61713358818001,False,lanoiselee
495,2622914202,0.00702968438881754,37.71090763534861,False,lanoiselee
496,467964318,0.007030916506952004,37.773799155440315,False,lanoiselee
497,633343896,0.007032809191215708,36.369512541673544,False,lanoiselee
498,1649588869,0.007025106645568576,37.85015184742585,False,lanoiselee
499,483049793,0.007032427292655837,37.129645434982464,False,lanoiselee
0,1534300902,0.003863513503503343,161.77586716719938,False,meesters
1,1164467785,0.003855613778069821,157.45307255982357,False,meesters
2,4019571495,0.0038459823639536697,156.8950279783313,False,meesters
3,2983006718,0.0038652699791361833,161.07724102823227,False,meesters
4,663946948,0.003858552309250581,161.72752796467702,False,meesters
5,2583953223,0.0038584771660258874,157.46422816495445,False,meesters
6,3497155382,0.0038668428995906473,162.455808429954,False,meesters
7,2405417119,0.0038595453972448453,162.02467983112214,False,meesters
8,1091055109,0.0038633102005297877,157.84050762112935,False,meesters
9,2162377008,0.003848588385910971,160.21307081940117,False,meesters
10,1071400724,0.0038532265995042756,160.7350833805038,False,meesters
11,1001995638,0.0038552998079226897,155.62079746225297,False,meesters
12,217238942,0.003869613888366966,156.8827540888011,False,meesters
13,2777003693,0.003860959181549809,156.70876978641277,False,meesters
14,2511684999,0.003851045541221569,158.45930924596226,False,meesters
15,3514559089,0.0038707666944394,162.799502884572,False,meesters
16,239398304,0.0038527683822503394,161.2916775094112,False,meesters
17,3322505347,0.003856645147247352,168.03513500185247,False,meesters
18,3953749680,0.0038698409828646562,159.15360192839566,False,meesters
19,4150699475,0.0038461479714559216,161.37733767531773,False,meesters
20,732921353,0.0038678462871800483,164.42876620880406,False,meesters
21,2719692682,0.003854503237057482,152.98711181908374,False,meesters
22,3518170764,0.0038606590301735635,157.76901020432055,False,meesters
23,254278565,0.0038570820667680446,161.47009900348814,False,meesters
24,1658562289,0.0038545332970119205,162.2822938606546,False,meesters
25,2309534912,0.0038592098067499205,161.7022805367495,False,meesters
26,4293083682,0.003847010991526,163.37217254108387,False,meesters
27,1857116490,0.0038615755380502197,164.7081053298382,False,meesters
28,3033267766,0.003866135360745372,163.36331247852974,False,meesters
29,1806365140,0.003858623777387291,169.21898917362944,False,meesters
30,3331038350,0.003872329947834819,164.94811415785802,False,meesters
31,2025001860,0.0038544386580044677,165.1048987594169,False,meesters
32,2942027868,0.003856803814400481,160.25238675177158,False,meesters
33,4169642204,0.0038698422185238835,157.55323436016764,False,meesters
34,1091660028,0.003856838985343728,156.3392073489912,False,meesters
35,3944194234,0.003874686644257182,158.3135638184141,False,meesters
36,560005137,0.0038648752959514754,160.09256543010898,False,meesters
37,2272979157,0.0038631114063202468,159.2919852040697,False,meesters
38,1854366202,0.0038503996983725347,157.42445875381117,False,meesters
39,3314029215,0.0038524756930105107,154.50318042816218,False,meesters
40,2177302990,0.0038476344372651385,166.88191163074353,False,meesters
41,2333526058,0.003859959555791389,162.97863789055907,False,meesters
42,2000950190,0.0038679303980954753,160.30000100615564,False,meesters
43,2819219278,0.003852665752781437,152.84515170299534,False,meesters
44,200634381,0.0038574213885229085,162.32051482373362,False,meesters
45,470141706,0.0038545534790671533,163.02816301971387,False,meesters
46,2107529510,0.003851035639902309,162.85670464045361,False,meesters
47,767093248,0.0038576262949687463,161.11864729864254,False,meesters
48,2938017294,0.003869203683436803,164.01287966854355,False,meesters
49,3859383813,0.003860078898465295,166.3474081598101,False,meesters
50,819622437,0.0038499596358999234,157.0772171904895,False,meesters
51,3648799017,0.0038630308506525835,165.703328023612,False,meesters
52,3293487730,0.0038644216382872367,165.78715484810274,False,meesters
53,63475677,0.0038485810815510795,154.90028236244825,False,meesters
54,171080708,0.0038623619578801414,159.71372856388075,False,meesters
55,967777747,0.00385642424664816,156.17282393172331,False,meesters
56,2487597265,0.0038521169549312123,160.79150827540207,False,meesters
57,1451114484,0.0038570079031292615,165.63567939017253,False,meesters
58,1097024391,0.003854633128636378,166.30508993848804,False,meesters
59,4257086724,0.0038662966845936677,161.46417783755507,False,meesters
60,3394070926,0.0038476898166206145,149.67721250082542,False,meesters
61,3428450892,0.003860182056648194,161.27582328216616,False,meesters
62,1036898910,0.003865568060373969,162.4029744742122,False,meesters
63,1564636315,0.003841069000685464,158.89432191119639,False,meesters
64,1183206668,0.003857002480071515,155.8695235078558,False,meesters
65,789486627,0.0038650253743243755,164.80070991040176,False,meesters
66,3792746941,0.003861880634245201,167.47307163525394,False,meesters
67,4116075158,0.0038580515123969065,164.25119888235466,False,meesters
68,1836560096,0.00385480833541303,161.31490387925686,False,meesters
69,1244026418,0.003861231128152282,159.48407651683996,False,meesters
70,1681383947,0.0038670082557419314,163.5838883403111,False,meesters
71,3812871534,0.003865931137940862,159.37680605118814,False,meesters
72,1873554360,0.0038508610226186822,157.89287673386062,False,meesters
73,3962708171,0.003857481952923473,155.07867053735194,False,meesters
74,426170304,0.003860749201110933,167.57074498802737,False,meesters
75,1232346705,0.003871327717574154,160.60758581541558,False,meesters
76,849750642,0.003859801154718548,161.2332795825724,False,meesters
77,3814594969,0.0038510211743654345,167.42734272841668,False,meesters
78,4209807319,0.0038608847610763592,158.30638632779784,False,meesters
79,1082998195,0.003857724640828672,159.08995341994486,False,meesters
80,2986786815,0.003852314939159422,155.08739121289344,False,meesters
81,4108379753,0.003853063067169731,162.0207898507734,False,meesters
82,231629173,0.003857850688433304,168.26752020625287,False,meesters
83,63657658,0.003856600805985447,168.45219288412096,False,meesters
84,833224081,0.003865370872133042,158.8970339999935,False,meesters
85,2320017902,0.003858771510738201,167.7763858682877,False,meesters
86,3253037847,0.0038651352478650835,170.35904249037586,False,meesters
87,2364839727,0.0038583309068933053,164.7272858775672,False,meesters
88,2130290988,0.0038407038219067926,162.19883239734577,False,meesters
89,1651516543,0.0038579079757567586,162.7877523665129,False,meesters
90,2057169013,0.003848364178031311,161.9990558565844,False,meesters
91,128842784,0.0038716095925164094,159.0414488260987,False,meesters
92,406019861,0.003869819021060601,165.9308378792802,False,meesters
93,704344243,0.003850960680210816,163.49990951968843,False,meesters
94,1958806023,0.003860455121205399,158.77790176364502,False,meesters
95,3170964429,0.0038558524242574103,160.0888259208638,False,meesters
96,1773728103,0.0038664154224387045,162.87041537026533,False,meesters
97,921265495,0.0038439612329545935,162.5101232177045,False,meesters
98,1090685191,0.0038576422943064994,155.9683980924612,False,meesters
99,3177115778,0.0038645210461653243,160.74699389109526,False,meesters
100,2901401872,0.0038555603350872826,159.63228324082823,False,meesters
101,2688748388,0.003858826747668971,160.509147572142,False,meesters
102,3536550427,0.003856049334755601,160.20128950853706,False,meesters
103,377874562,0.003855217780702058,163.72814138021346,False,meesters
104,3237630466,0.0038557490821877725,150.22996005206767,False,meesters
105,1431627175,0.00384389100347386,160.49726253267502,False,meesters
106,1161248586,0.003860681045153617,160.19791126144634,False,meesters
107,3901944589,0.0038659628184451638,157.8319075779372,False,meesters
108,2179040172,0.0038514056949746933,163.25531236473302,False,meesters
109,176326870,0.0038536663231954265,162.14061427021346,False,meesters
110,820506100,0.0038535329863434906,158.35502959225792,False,meesters
111,3181136315,0.0038696308603294975,157.0502673585125,False,meesters
112,3964260103,0.0038810902413008394,165.17900488670145,False,meesters
113,4178652405,0.0038504930310560024,159.85882410437978,False,meesters
114,3788341217,0.0038399723902243473,159.3388899026788,False,meesters
115,957874098,0.0038648854334165867,157.69279510449934,False,meesters
116,29944131,0.003854249236621591,161.26708690761512,False,meesters
117,1111775053,0.0038572523346544468,159.91861700101572,False,meesters
118,1010955946,0.0038618583684741385,162.77789290319572,False,meesters
119,517509371,0.003859087996153349,159.53088661603942,False,meesters
120,1943261964,0.00384289086858381,160.42791370748094,False,meesters
121,2127435000,0.0038714739007528693,159.17122689963077,False,meesters
122,509455097,0.0038630334339120765,158.22968496119867,False,meesters
123,319395442,0.0038653721523663714,161.7223137062516,False,meesters
124,564255198,0.0038659104133646083,163.71985054658012,False,meesters
125,2608775170,0.0038545551938150603,169.00039207042798,False,meesters
126,1823278835,0.0038559610931094826,151.8397673208242,False,meesters
127,3159698211,0.0038646301855654293,169.13387281191908,False,meesters
128,1823933577,0.0038604787923121687,166.2182195346691,False,meesters
129,2565951791,0.003863337356371232,162.30396092225382,False,meesters
130,2249098059,0.0038591506739085782,158.348830743467,False,meesters
131,3939014736,0.00386187299716185,161.02086418527688,False,meesters
132,3001009342,0.0038573214662324,157.70086813865015,False,meesters
133,1202012316,0.003869626451731416,162.5154474873384,False,meesters
134,1061015159,0.0038666091092382586,165.22152196820522,False,meesters
135,2235407673,0.003848854071750893,159.1762964857988,False,meesters
136,2149119051,0.003857938404861796,161.24591881237296,False,meesters
137,3725782659,0.0038505297263048345,157.91085436148387,False,meesters
138,1172168278,0.003864870394034838,159.51075810586323,False,meesters
139,2478348998,0.003864312437911736,154.403204621023,False,meesters
140,1641730345,0.003873835448666989,166.23461712108477,False,meesters
141,3530587513,0.0038607463910259564,155.286975665152,False,meesters
142,2213494744,0.003863966424704539,164.7390271403065,False,meesters
143,3186677741,0.0038532947238325995,153.65249487781952,False,meesters
144,1533444623,0.0038542440215641053,157.96120549859089,False,meesters
145,1235402316,0.0038492451413179325,155.43949458078188,False,meesters
146,2533740391,0.0038565976361265883,166.08418107086823,False,meesters
147,1556245661,0.0038599930049753243,166.9211354459207,False,meesters
148,486096565,0.0038611120684488016,159.01113516053857,False,meesters
149,4235545204,0.003856204741128903,159.92575890715182,False,meesters
150,1245241074,0.0038574036167429064,166.45598967867966,False,meesters
151,3376914126,0.003864084508677048,167.29896548837564,False,meesters
152,3574178072,0.0038474872519539106,162.49806508723103,False,meesters
153,1587701800,0.003860741480071322,164.938642903143,False,meesters
154,2989105546,0.0038501347460319435,160.44934733219742,False,meesters
155,2810786494,0.0038527531333231915,162.44578616735927,False,meesters
156,4173236957,0.0038539156692961457,158.11315463233112,False,meesters
157,2710233543,0.003855536281097977,160.14657661818816,False,meesters
158,4267395681,0.003867825594433094,164.5837003822549,False,meesters
159,4121886027,0.0038717807534945415,161.3157546296404,False,meesters
160,1073601572,0.0038485590496673216,156.13775979775016,False,meesters
161,1171170576,0.0038518307813165706,165.65651112180586,False,meesters
162,142753959,0.003855938424219118,163.8134252693459,False,meesters
163,2317997291,0.003866647805705688,159.2808209337084,False,meesters
164,1370879505,0.0038736985045934114,161.37019713194024,False,meesters
165,450190388,0.00386036604842138,161.2688352174713,False,meesters
166,2152101347,0.0038646227148488067,161.4257992416784,False,meesters
167,3915255261,0.003840361776676815,160.39383180787613,False,meesters
168,1235944172,0.0038653572285640013,165.86059292195412,False,meesters
169,1636074492,0.0038531120919380207,158.92498489650103,False,meesters
170,976382066,0.003860544121686007,161.84120930384572,False,meesters
171,3104681164,0.003864020169933981,157.7028135693537,False,meesters
172,2694063870,0.003870171545691643,160.65884842086083,False,meesters
173,705731965,0.00385358364946124,159.82696933481577,False,meesters
174,3267905192,0.0038544270720808557,154.81178295860767,False,meesters
175,4023263509,0.003849449436615789,160.92923062541234,False,meesters
176,2025987045,0.0038632012899164907,159.85568542940058,False,meesters
177,1311561390,0.003864552951817619,166.21156545858182,False,meesters
178,1299828921,0.0038641961509383446,163.03767570905325,False,meesters
179,1292891977,0.003858320578577297,160.71499032507876,False,meesters
180,470678547,0.003866680908574039,156.2301503316961,False,meesters
181,208592408,0.0038489989328574403,157.00087569721614,False,meesters
182,3775551779,0.0038602358349458343,161.996401013208,False,meesters
183,2552742652,0.0038648415438760284,157.19628516292894,False,meesters
184,133161658,0.0038471093914572807,159.40611156648208,False,meesters
185,1701700686,0.0038597367925466567,160.5167526898479,False,meesters
186,4176284458,0.00386456093671189,165.40261048659156,False,meesters
187,1462109702,0.003855596363632448,162.13285810099822,False,meesters
188,1426698810,0.003879999763818111,163.65959382527018,False,meesters
189,2610390100,0.00384593935856229,161.15268726407223,False,meesters
190,2452554139,0.003849634119979957,156.12939814109973,False,meesters
191,2754731849,0.003849269833911352,158.6916587367473,False,meesters
192,2795880730,0.0038641049282108967,165.31335949690947,False,meesters
193,2002338523,0.003856099542610203,157.10923019478162,False,meesters
194,3825570715,0.0038466823936247883,151.1665703685205,False,meesters
195,1659367143,0.003857807240206132,159.07654841125026,False,meesters
196,2732557950,0.0038491203950203148,154.90685503403574,False,meesters
197,222381867,0.0038457982465212037,158.72885125696905,False,meesters
198,2831530895,0.0038650925531481584,161.2356178583161,False,meesters
199,3319199097,0.0038628028726164334,157.07412646790272,False,meesters
200,3176432802,0.0038714802423344824,159.49159299023086,False,meesters
201,1827669584,0.003856969205485791,159.37578135148476,False,meesters
202,430921256,0.003864654105766365,160.86839512071197,False,meesters
203,2591277476,0.003854874680300272,159.13227790098185,False,meesters
204,3250752428,0.0038633506466771543,161.13167753633977,False,meesters
205,522977510,0.003851548982065877,155.68197166190274,False,meesters
206,708675793,0.003862066275013515,156.40002892615277,False,meesters
207,2567628822,0.0038572015290476956,162.13043153456684,False,meesters
208,76537516,0.0038552132190999193,156.07192532789992,False,meesters
209,1918425851,0.003855600603014882,166.8710146017927,False,meesters
210,1241378847,0.0038573721080399793,163.66018981301062,False,meesters
211,3928562307,0.0038583377285721634,156.91632439089483,False,meesters
212,4151399654,0.0038492929126431362,148.73415796806339,False,meesters
213,3220380728,0.003849045577237363,161.45023004823165,False,meesters
214,3292997990,0.0038564494674707445,158.60633026258137,False,meesters
215,497822434,0.0038625636039253384,157.27640353799714,False,meesters
216,2439951174,0.003853646406824102,161.8405060709053,False,meesters
217,3267356194,0.003854657799178829,160.62521051107313,False,meesters
218,672709555,0.003863519056495337,159.64070608430262,False,meesters
219,1801726328,0.00385166653678978,160.21430722081035,False,meesters
220,3076602667,0.0038492645065700427,159.09119217923535,False,meesters
221,3602069613,0.0038609492430318384,160.135418841409,False,meesters
222,3629340138,0.003859261098700533,162.0264284247111,False,meesters
223,254543892,0.0038580185745356052,164.1070193758774,False,meesters
224,3315409687,0.0038650224021321692,157.4661256180345,False,meesters
225,487126274,0.0038461034433687367,160.71661208787694,False,meesters
226,3561670529,0.0038593393751627223,163.5808450705915,False,meesters
227,4113537158,0.0038593665983854375,166.68067794173052,False,meesters
228,3878899909,0.0038578399061515263,155.20335501333676,False,meesters
229,4221216848,0.0038654385699967648,162.76213806610312,False,meesters
230,182011415,0.0038600126472323843,163.29401120341484,False,meesters
231,2945910666,0.003856520005342685,164.42949030089508,False,meesters
232,2117922477,0.003874697218639927,164.95769270180628,False,meesters
233,3943632134,0.0038380028042299327,158.49768176870288,False,meesters
234,3210699483,0.003859831287866596,161.5931593768263,False,meesters
235,915892273,0.003853723117629897,160.59166547001274,False,meesters
236,3932573701,0.003854425146508033,156.63387404037078,False,meesters
237,430943987,0.0038502622329363205,161.2399029069584,False,meesters
238,782762171,0.0038476120319897514,158.1917079459257,False,meesters
239,2100308787,0.0038636747957383356,161.8516830900653,False,meesters
240,3468204677,0.0038571933456427766,159.45957239734045,False,meesters
241,2719858451,0.003859577309548309,160.4469856014249,False,meesters
242,3443860684,0.0038521978269215437,154.85551518208442,False,meesters
243,747830971,0.0038597993347271936,159.1760711416365,False,meesters
244,3887145181,0.003863512736198789,158.08735987831986,False,meesters
245,1840390699,0.003852835401942707,166.62873812120134,False,meesters
246,528786013,0.0038705791405853713,165.99703994473165,False,meesters
247,2828115383,0.003850214351620942,163.8114579677784,False,meesters
248,2237942307,0.0038647095985391814,161.66288395747105,False,meesters
249,1185083516,0.003851764230230721,155.74514108015825,False,meesters
250,3931397776,0.0038660517140766304,161.91733091064327,False,meesters
251,1991475724,0.0038575305826874335,161.82374275071606,False,meesters
252,935687766,0.0038677871030590194,164.83712350838755,False,meesters
253,4244918982,0.0038644053173616188,157.2468790914041,False,meesters
254,686067119,0.003853936940340356,160.46656697216628,False,meesters
255,3422065638,0.003855944389219116,166.501889662575,False,meesters
256,3146498781,0.0038631989405827284,159.20232167389827,False,meesters
257,887514465,0.0038672863403205484,161.9930203849576,False,meesters
258,457802394,0.0038606423083489077,161.05498896622117,False,meesters
259,3512842940,0.0038560824540949676,161.7216838305909,False,meesters
260,3960792534,0.003859505512614081,156.0454493621824,False,meesters
261,3864271659,0.003854604634653911,157.4430361616501,False,meesters
262,688114642,0.0038647004041688342,162.42790222496848,False,meesters
263,1830129806,0.00386429317479881,160.06906926483668,False,meesters
264,3225176720,0.0038606364626494897,162.78585441905437,False,meesters
265,851572338,0.00385269713681082,159.65030788579836,False,meesters
266,1871546228,0.003858756894209364,161.44734270437257,False,meesters
267,1936044167,0.0038626708728290208,165.0019367983169,False,meesters
268,3372879648,0.0038692410385556203,161.75949428237277,False,meesters
269,3204362402,0.003861776796284824,160.9543969557487,False,meesters
270,47799706,0.003853084422704962,160.53899364087877,False,meesters
271,1278464186,0.0038577399357478752,159.7306336588457,False,meesters
272,518401371,0.003868076247003864,157.67592429950176,False,meesters
273,3661969487,0.003856472211416581,161.9946413590089,False,meesters
274,663950393,0.0038698887365989326,161.38570734222426,False,meesters
275,1532553994,0.003861484855442233,165.76862140697608,False,meesters
276,1346547831,0.0038659083370308905,159.569486606305,False,meesters
277,876345254,0.0038559991697654505,156.82416269917596,False,meesters
278,2603480731,0.0038518752428988653,164.36857471609122,False,meesters
279,68243990,0.003858290176836256,160.0238688739168,False,meesters
280,4128367773,0.0038623114874369122,158.65162701114895,False,meesters
281,371281863,0.0038577430338085127,160.63547442851785,False,meesters
282,2270938196,0.0038549374876620038,164.37398298778822,False,meesters
283,45046876,0.0038600477036478302,162.53978942863915,False,meesters
284,544891243,0.003852232982274942,158.87973746775134,False,meesters
285,3208768402,0.0038587025794950217,162.38445980479423,False,meesters
286,3473651324,0.0038629496098495993,167.9875542988216,False,meesters
287,2167583842,0.0038769031245361263,161.99938815359332,False,meesters
288,686382895,0.0038542314089796774,155.7780626453219,False,meesters
289,1697127465,0.003835263937247983,153.30290516419328,False,meesters
290,2125130665,0.003848799936101271,157.98527149067675,False,meesters
291,2351205166,0.00385681903068983,164.34202867287607,False,meesters
292,4239249511,0.0038549083561505507,161.98539310678922,False,meesters
293,1973918471,0.0038651640499237517,162.82743398342507,False,meesters
294,655674993,0.0038573224272458882,158.8291316477213,False,meesters
295,827691858,0.00385380738936035,165.3905456676191,False,meesters
296,3493992394,0.0038525607940728588,159.489052237473,False,meesters
297,956362155,0.0038455911216701065,155.88163444352875,False,meesters
298,2146157356,0.003861061514434274,161.07173958291824,False,meesters
299,3414271537,0.003866195897118544,159.33274403756135,False,meesters
300,559849590,0.003858742091719572,157.32836411308617,False,meesters
301,450853063,0.003862171467308926,162.85813841906017,False,meesters
302,1840998136,0.0038524952329056614,161.13800538420466,False,meesters
303,1795107178,0.0038661092518637624,159.81639443153242,False,meesters
304,2106992203,0.0038588521642664757,159.15176131003756,False,meesters
305,184672165,0.0038678759053426444,162.89253699029567,False,meesters
306,802108414,0.003856107792641262,161.0848006789639,False,meesters
307,231086063,0.003859828168038772,163.23191035851877,False,meesters
308,2446854899,0.0038576936053504886,160.3423046585107,False,meesters
309,1671461478,0.00386064389135633,155.67716690000313,False,meesters
310,3537148433,0.0038511138194422035,158.1568016261271,False,meesters
311,3688361700,0.0038693603273412523,158.85098494288914,False,meesters
312,1245463590,0.0038592430985453442,156.87231040799145,False,meesters
313,1013036980,0.0038550157012168114,154.63234189541777,False,meesters
314,1226215973,0.003844544506470553,157.5221158696158,False,meesters
315,364652306,0.0038610683455887677,164.94824418949432,False,meesters
316,1283061897,0.0038466443488055415,161.59385331904588,False,meesters
317,1470283,0.003866311602448029,163.04027081131468,False,meesters
318,199832425,0.0038682333736533145,166.5723947921661,False,meesters
319,3097771470,0.0038553111035521067,164.1260980313557,False,meesters
320,2696106355,0.0038619774755928376,157.56591053749102,False,meesters
321,2232758850,0.0038510144456528595,160.07162819609246,False,meesters
322,3033895628,0.003855968167584168,162.89064056878738,False,meesters
323,1430392515,0.003860043990182749,160.22309745692783,False,meesters
324,1969129604,0.003859054017793305,159.92931176194026,False,meesters
325,5218528,0.003862195887946254,155.24895816107858,False,meesters
326,4240644077,0.0038549901839921076,159.8047552161774,False,meesters
327,2534146558,0.003864418128999864,158.1956281221036,False,meesters
328,1333938853,0.0038588312456521827,160.4532750427145,False,meesters
329,3136855569,0.0038681616872758198,161.68603698607978,False,meesters
330,3815004550,0.0038549741407388196,164.30182531199645,False,meesters
331,3698222296,0.0038673842321374037,161.95371468443616,False,meesters
332,354739652,0.0038519194780574145,156.92911837903088,False,meesters
333,3529987274,0.0038475099123660463,157.9891233803435,False,meesters
334,541453122,0.003854317982275695,159.53090598824275,False,meesters
335,2204998005,0.0038551882900448725,163.0072603993462,False,meesters
336,3732966087,0.0038566959210974998,167.52999304797865,False,meesters
337,264182764,0.0038554699859384644,157.59976567267302,False,meesters
338,2396125026,0.0038607549946539565,161.83699160592516,False,meesters
339,2059248617,0.0038617983771601747,162.4696120191207,False,meesters
340,669435055,0.003865973086148676,161.08075543161064,False,meesters
341,2061517957,0.0038618372949034765,159.94471014796218,False,meesters
342,1650518464,0.0038463658066175592,160.15547992307827,False,meesters
343,3878520479,0.0038485694125354104,157.70828502816406,False,meesters
344,420856223,0.0038502910500690176,168.2560552359338,False,meesters
345,1017724464,0.0038641449210693912,154.73853535929706,False,meesters
346,2942459410,0.0038702738813321882,163.394085604651,False,meesters
347,737407379,0.0038571487257460595,157.56587284946605,False,meesters
348,518087169,0.003859349929061055,160.34597430758495,False,meesters
349,3715455698,0.0038508193575729106,158.5568747865543,False,meesters
350,947257689,0.003862696623971792,163.0844105456323,False,meesters
351,2233220801,0.0038579221854130683,161.5964916345558,False,meesters
352,3640735425,0.0038629409352522195,161.6968140402464,False,meesters
353,337515072,0.0038646833630894464,154.2448061986855,False,meesters
354,2466080105,0.00385070396785742,156.17544911380995,False,meesters
355,3333352744,0.0038479918760561866,158.87203409483607,False,meesters
356,728327546,0.0038486330027079716,160.45073266033177,False,meesters
357,1105615897,0.0038556173676407668,162.76818797002545,False,meesters
358,2871640914,0.0038545487107221133,163.3909513515501,False,meesters
359,3069949897,0.003857468274500699,157.57813449148077,False,meesters
360,3925486500,0.003855552744719896,162.8344017989025,False,meesters
361,10626084,0.0038682925322998407,162.58073087213182,False,meesters
362,601816781,0.0038492001482126987,156.77958754734593,False,meesters
363,159163699,0.0038428210536016025,154.94488722100138,False,meesters
364,1085320835,0.003844552648631334,158.1022614097082,False,meesters
365,4146889783,0.0038516916226657982,151.2683336009062,False,meesters
366,2063061599,0.0038577308224228006,166.82147993306035,False,meesters
367,115397056,0.003848780334198559,156.16323995950313,False,meesters
368,2299618652,0.003850137353822742,157.99798547208147,False,meesters
369,2262158053,0.0038583838425092433,166.12101195701516,False,meesters
370,3562804231,0.0038666531139574527,166.01123454776695,False,meesters
371,1838309041,0.0038484305999147376,158.2421564047222,False,meesters
372,1613819215,0.0038486242954191975,158.5339123871404,False,meesters
373,1473139458,0.0038608647982151505,162.18271471760121,False,meesters
374,4119963970,0.003851134470614914,159.96251077092757,False,meesters
375,1990630631,0.0038543229751917887,157.1602272310866,False,meesters
376,2797029371,0.0038572145085218213,156.1000065245677,False,meesters
377,3519417921,0.003850051368508243,156.57960487756,False,meesters
378,2335389154,0.003860325758407318,155.30205405140836,False,meesters
379,2244239792,0.0038550690558845128,152.4907630739138,False,meesters
380,1102777103,0.003857527251571948,159.6270697281831,False,meesters
381,2937202006,0.0038665604048842028,159.9984361106277,False,meesters
382,2283104663,0.0038590259627423163,159.46919192762945,False,meesters
383,908287900,0.003857488871791085,162.9808455343724,False,meesters
384,2842221789,0.0038548717017039286,160.15046416405173,False,meesters
385,3654167843,0.0038602692065697964,155.73390919167642,False,meesters
386,921110584,0.0038641126257036957,159.74241844241615,False,meesters
387,1543728275,0.003867016477036075,163.3816924186363,False,meesters
388,3771830365,0.0038725719211939492,162.46208461268546,False,meesters
389,1978922231,0.0038657810885984007,158.49978494119065,False,meesters
390,3387424202,0.0038755162126371434,163.12222177785992,False,meesters
391,796400121,0.0038520264351024386,158.46206982936886,False,meesters
392,3483560082,0.0038483973908384375,160.37193367592081,False,meesters
393,3248290870,0.0038507276325786518,161.76698811152804,False,meesters
394,621276701,0.0038619054749894324,165.98557794293765,False,meesters
395,826352917,0.003853620708410152,165.9495375570623,False,meesters
396,3596754838,0.0038495708823734426,159.42280035234134,False,meesters
397,1406320926,0.003848151875673088,162.54138141259534,False,meesters
398,536904455,0.003853104774882972,156.79452851597983,False,meesters
399,3685511454,0.003860298247612911,168.6167918081221,False,meesters
400,2282909592,0.003852211527240992,159.64215757112382,False,meesters
401,1435056840,0.0038561268793106214,154.66388681755657,False,meesters
402,3677755016,0.0038596377146085516,157.3840821617818,False,meesters
403,3561311998,0.003865997075634625,164.27159546603318,False,meesters
404,748565502,0.003861222090352173,164.1002324413814,False,meesters
405,3677330685,0.0038584521405050326,159.38744773766933,False,meesters
406,1328624033,0.0038725306162809333,158.53470956048932,False,meesters
407,857084893,0.0038453841666655185,160.21382316773347,False,meesters
408,2013158575,0.00385963706690299,165.51496920009922,False,meesters
409,1090037367,0.0038553467470988667,157.77086736427123,False,meesters
410,3602490481,0.0038454817784145316,160.53158538241593,False,meesters
411,895367271,0.0038616047923744345,161.90438767383964,False,meesters
412,3220046091,0.003846300527925246,157.09125169639782,False,meesters
413,3425432277,0.00385134156378448,162.5727195380133,False,meesters
414,1614291338,0.003862201814818963,160.7590524920757,False,meesters
415,628032578,0.003851457295757613,154.30556449793912,False,meesters
416,2189916916,0.0038626056819659658,158.70924777795727,False,meesters
417,830602044,0.003861647517079723,165.6220741722795,False,meesters
418,625266572,0.003856801078368965,157.76102200904177,False,meesters
419,3581129903,0.003864967224748686,160.73922656437566,False,meesters
420,402487097,0.0038571827226338853,163.54042909960603,False,meesters
421,4020424268,0.0038478231243978794,157.82014172705263,False,meesters
422,3102443584,0.003859303542233692,156.88438678209133,False,meesters
423,1153763144,0.0038571899045673256,160.40140232953058,False,meesters
424,3010383501,0.003858733302929339,164.47771253299302,False,meesters
425,2192646673,0.0038554237266648747,163.3825048572002,False,meesters
426,1622594405,0.0038559775142835363,159.62801185859814,False,meesters
427,1606142236,0.003841492336420184,154.73205520051022,False,meesters
428,22636621,0.0038657212134673726,164.01299024511246,False,meesters
429,432717119,0.0038570576070791987,158.65726725278128,False,meesters
430,3361099436,0.0038642087113278573,165.0978027734655,False,meesters
431,2665521269,0.003856093947772512,160.50497651677264,False,meesters
432,3342387074,0.003861159431308122,164.1065839148127,False,meesters
433,2752382821,0.0038590533166415176,159.68123900565647,False,meesters
434,476643337,0.003844319150767606,157.35101585120609,False,meesters
435,2043963301,0.0038508150098493,165.00849706020873,False,meesters
436,192605378,0.0038591973534773064,161.40364941531467,False,meesters
437,3763057517,0.003853058344275288,159.75696065628657,False,meesters
438,822055127,0.003852916626678177,153.78301630828952,False,meesters
439,931420394,0.0038572939747481168,167.80958213402678,False,meesters
440,3244723866,0.003857640653776912,154.65952438524397,False,meesters
441,4270205729,0.0038461533544108806,153.83023560611073,False,meesters
442,2065709165,0.0038677200489891568,157.34312309384077,False,meesters
443,1278833405,0.0038579037242636787,157.765693084776,False,meesters
444,3603623001,0.003862905414186146,159.93137064740094,False,meesters
445,1955235843,0.003860578530372443,167.08704474051189,False,meesters
446,624297747,0.0038613400253722746,165.67515781496985,False,meesters
447,798818454,0.0038564963605705253,163.26239846523492,False,meesters
448,3861688336,0.003853277049725161,154.83460343531368,False,meesters
449,1919511008,0.0038417777374864866,158.1420768744637,False,meesters
450,2637216027,0.003868079075294756,162.84091134297552,False,meesters
451,3118723443,0.003853403974582687,163.37373382945762,False,meesters
452,3033201352,0.0038505407019222586,161.04797577218181,False,meesters
453,165619309,0.0038592886967218376,163.74433936047367,False,meesters
454,3139726880,0.0038573721387394726,157.0366725257325,False,meesters
455,1218755070,0.003854819655327477,160.63714840834868,False,meesters
456,1343296439,0.0038589716597643158,158.95560404820475,False,meesters
457,295697702,0.003865235250784514,161.0116183109104,False,meesters
458,2884656487,0.00385159348456135,156.12257962772145,False,meesters
459,2045992101,0.0038585237211157314,162.55687945803552,False,meesters
460,2560533983,0.0038609306181636373,164.11740834624445,False,meesters
461,2550370154,0.0038777930431515987,163.49030712563436,False,meesters
462,865588087,0.0038587581758349767,163.18514928398642,False,meesters
463,4265100633,0.0038631485056019148,164.21493581250218,False,meesters
464,807916588,0.0038494107924287838,159.5679893791586,False,meesters
465,1586810168,0.0038523907601916616,154.2042933391321,False,meesters
466,1785648863,0.0038659565677060135,165.04674182476342,False,meesters
467,2222852637,0.0038574665566809704,165.1825535188247,False,meesters
468,1594341479,0.003865554637348114,166.0815496123832,False,meesters
469,1438822881,0.0038513541702939608,160.81897832246148,False,meesters
470,2658935053,0.003861347823835429,156.50092709410652,False,meesters
471,2707917477,0.003849754698332945,161.23092526398239,False,meesters
472,2803721060,0.003854672511179595,161.57229397558936,False,meesters
473,1395412558,0.003871662703178902,165.48117272220725,False,meesters
474,4162612182,0.0038591443249292056,159.6774017462426,False,meesters
475,672699311,0.003869964338613625,159.84773383619284,False,meesters
476,2984443971,0.003851049319182562,156.72876013809469,False,meesters
477,794106453,0.0038461206679349844,159.69535703907738,False,meesters
478,1110004159,0.0038603432716903564,163.74622150483037,False,meesters
479,2749340053,0.0038587319263720557,162.707957253142,False,meesters
480,2296486854,0.003867117428546431,164.95969631366478,False,meesters
481,4218994637,0.003855890617418103,160.0518999178479,False,meesters
482,1058166033,0.003852298208612702,167.52650714722597,False,meesters
483,397096617,0.0038599378464686733,157.28016846054848,False,meesters
484,2094587817,0.0038499148749569848,161.7848025233227,False,meesters
485,2540345896,0.0038652071762615256,158.4700616165974,False,meesters
486,794727714,0.003856302123309186,162.4746879472397,False,meesters
487,1437891374,0.0038424744367561085,156.7277530042482,False,meesters
488,4117925988,0.0038548677796127334,159.9588819025501,False,meesters
489,1456542849,0.0038526230174888857,162.96487706618004,False,meesters
490,3533015500,0.003853574962116903,162.78126339679613,False,meesters
491,1308705019,0.0038677617487002116,168.42338971799185,False,meesters
492,4284291081,0.0038597932475099364,167.28455316274918,False,meesters
493,2873278973,0.0038599484643806535,161.76658609589845,False,meesters
494,2639462074,0.003851172017719338,157.8702411220333,False,meesters
495,2622914202,0.003857856916261519,163.60295383462406,False,meesters
496,467964318,0.0038514022049692385,157.6736460594488,False,meesters
497,633343896,0.0038469435651746113,155.6883529551606,False,meesters
498,1649588869,0.003855818814833316,157.7398937071581,False,meesters
499,483049793,0.003853443541875728,161.9583205751818,False,meesters
0,1534300902,0.005500680876765931,140.38843007595747,False,prodose
1,1164467785,0.005493611441455114,136.65815909678096,False,prodose
2,4019571495,0.00548470086688751,135.73799203820965,False,prodose
3,2983006718,0.005503736640150824,139.75825704464881,False,prodose
4,663946948,0.005495561114158356,138.86183686158932,False,prodose
5,2583953223,0.005496110123766401,135.84126715465663,False,prodose
6,3497155382,0.005503706543892316,139.41735643091525,False,prodose
7,2405417119,0.005496474781594986,139.67764471638762,False,prodose
8,1091055109,0.005501143597332246,136.81332031754133,False,prodose
9,2162377008,0.005486831703691402,138.3081964347735,False,prodose
10,1071400724,0.0054916935744675965,139.36093280796467,False,prodose
11,1001995638,0.005492961003740207,134.5077716386762,False,prodose
12,217238942,0.005506045676680518,135.35719736772853,False,prodose
13,2777003693,0.005498188096466922,136.0527414883097,False,prodose
14,2511684999,0.005487361434488416,136.8733109860546,False,prodose
15,3514559089,0.005508717886319588,140.97215187628004,False,prodose
16,239398304,0.005490148813054792,140.10278593818063,False,prodose
17,3322505347,0.005494721630620481,145.99420283214158,False,prodose
18,3953749680,0.005506489020433869,137.70677366134794,False,prodose
19,4150699475,0.005483946084792729,139.52593379579554,False,prodose
20,732921353,0.005506190561305235,142.28652105361988,False,prodose
21,2719692682,0.005491834888206464,133.15748071319842,False,prodose
22,3518170764,0.005498211664038425,135.98010909165768,False,prodose
23,254278565,0.0054955135158201605,139.38236554089107,False,prodose
24,1658562289,0.005492593443464628,139.97939653078384,False,prodose
25,2309534912,0.00549678619975671,139.86898586492742,False,prodose
26,4293083682,0.005485090654585676,140.78872580150374,False,prodose
27,1857116490,0.005500507787047649,142.195402564751,False,prodose
28,3033267766,0.005503768311974787,141.33252151360747,False,prodose
29,1806365140,0.005496311345133234,145.45903029155977,False,prodose
30,3331038350,0.005509430458792074,143.2853097407096,False,prodose
31,2025001860,0.005493438457654384,142.73216659341904,False,prodose
32,2942027868,0.005494660788989602,138.79410428046913,False,prodose
33,4169642204,0.005507419583661662,136.43828311747677,False,prodose
34,1091660028,0.0054944053888506825,135.19308398902737,False,prodose
35,3944194234,0.005513553154188551,138.16851742790965,False,prodose
36,560005137,0.0055022512035007186,138.8314896640508,False,prodose
37,2272979157,0.0055006459240345635,137.4655086655678,False,prodose
38,1854366202,0.00548816034816259,136.36651043849253,False,prodose
39,3314029215,0.005490577047211422,133.408784442073,False,prodose
40,2177302990,0.005487118217031285,144.5328191225357,False,prodose
41,2333526058,0.0054972552320275364,140.1353392046381,False,prodose
42,2000950190,0.005505609315123316,138.92094863297268,False,prodose
43,2819219278,0.005490485237996783,131.7914659467652,False,prodose
44,200634381,0.005496066442058299,140.04396090326097,False,prodose
45,470141706,0.005492292865941468,140.7865761719439,False,prodose
46,2107529510,0.005489160293286862,140.9831153400429,False,prodose
47,767093248,0.005494103203511746,139.82084715123304,False,prodose
48,2938017294,0.005506583994346202,142.17679631331495,False,prodose
49,3859383813,0.005498048136717622,144.34534619722572,False,prodose
50,819622437,0.005487742958401648,135.48198858401355,False,prodose
51,3648799017,0.0055006660216905656,142.86557829493844,False,prodose
52,3293487730,0.005503325207847184,142.9752307497169,False,prodose
53,63475677,0.005486289232451461,133.41181782431806,False,prodose
54,171080708,0.0054995376693242745,138.53902238845305,False,prodose
55,967777747,0.005493885995098854,134.85088729019145,False,prodose
56,2487597265,0.005489956335806911,139.0748316298403,False,prodose
57,1451114484,0.0054945428739031,142.88848928944256,False,prodose
58,1097024391,0.005492752225792131,144.026208646267,False,prodose
59,4257086724,0.005503873147401353,139.85498603170402,False,prodose
60,3394070926,0.005484950627608487,128.7448049361811,False,prodose
61,3428450892,0.0054977618588716885,139.90264375233454,False,prodose
62,1036898910,0.005503011887306902,140.4964755255118,False,prodose
63,1564636315,0.005478316904036966,137.7195398772023,False,prodose
64,1183206668,0.005494101741061332,134.77151950607805,False,prodose
65,789486627,0.005502180650452634,143.13473353626463,False,prodose
66,3792746941,0.005500531059239802,145.0628743340987,False,prodose
67,4116075158,0.005495992153131566,142.59055912641819,False,prodose
68,1836560096,0.005493165617627446,140.46728993504135,False,prodose
69,1244026418,0.005498222842560739,138.17356875021414,False,prodose
70,1681383947,0.005505189308954841,141.63615855115157,False,prodose
71,3812871534,0.005503558710431543,138.3304784956148,False,prodose
72,1873554360,0.005488254795994873,136.55688452283778,False,prodose
73,3962708171,0.0054954285579387205,133.82339718447278,False,prodose
74,426170304,0.005497927698843335,144.58021513881712,False,prodose
75,1232346705,0.005508998701416286,139.15966522873168,False,prodose
76,849750642,0.005497714347582953,139.63242841835563,False,prodose
77,3814594969,0.0054893796573975235,145.06130033173977,False,prodose
78,4209807319,0.005498797898912375,137.33297166619803,False,prodose
79,1082998195,0.005494769804067338,138.0863834608494,False,prodose
80,2986786815,0.005490309199509059,134.11691983181657,False,prodose
81,4108379753,0.005490614352323516,139.5132398361767,False,prodose
82,231629173,0.0054966713879390375,145.66251715492376,False,prodose
83,63657658,0.005494473585007559,145.2919698419811,False,prodose
84,833224081,0.005503110168013185,137.20375824741407,False,prodose
85,2320017902,0.0054964550026504735,144.71320813018968,False,prodose
86,3253037847,0.005502082090984954,147.4885875501161,False,prodose
87,2364839727,0.005496168828136314,142.5273204056765,False,prodose
88,2130290988,0.00547909274280879,139.34416998687314,False,prodose
89,1651516543,0.005495832414958132,142.01047117401754,False,prodose
90,2057169013,0.005487303400641099,140.30081650933357,False,prodose
91,128842784,0.0055083197995439755,137.33913245015012,False,prodose
92,406019861,0.0055068744823865414,143.01999840854702,False,prodose
93,704344243,0.0054889372693297045,141.60992795135417,False,prodose
94,1958806023,0.005497910080919214,137.53988362382634,False,prodose
95,3170964429,0.00549383415229876,139.64503975098356,False,prodose
96,1773728103,0.00550343994602465,140.27232534243595,False,prodose
97,921265495,0.005482304913329961,140.3913537584118,False,prodose
98,1090685191,0.005495230582102456,134.5564197038264,False,prodose
99,3177115778,0.005501853493935546,138.79384305913945,False,prodose
100,2901401872,0.005492783583795429,137.6711427562128,False,prodose
101,2688748388,0.005496707511318819,138.8143818411599,False,prodose
102,3536550427,0.005494177213896839,138.91992541337981,False,prodose
103,377874562,0.005493126964618753,141.6775254884107,False,prodose
104,3237630466,0.005492681539970831,129.65953930548434,False,prodose
105,1431627175,0.005482506815709958,139.43134997892807,False,prodose
106,1161248586,0.005497833290330811,138.8200786425313,False,prodose
107,3901944589,0.005502932488365201,137.1073819857814,False,prodose
108,2179040172,0.005489126576328949,140.91610247512648,False,prodose
109,176326870,0.00549184638955455,140.32675360752262,False,prodose
110,820506100,0.005492121110263488,137.01366767647693,False,prodose
111,3181136315,0.005506601998707737,136.60160569939757,False,prodose
112,3964260103,0.005517987740160442,142.98277461199746,False,prodose
113,4178652405,0.00548892188569149,137.73566596295106,False,prodose
114,3788341217,0.005478176767470264,138.67657336065997,False,prodose
115,957874098,0.005502761595693142,136.6368934797059,False,prodose
116,29944131,0.00549232687611767,138.93988834721958,False,prodose
117,1111775053,0.0054948378078341275,138.5912897565535,False,prodose
118,1010955946,0.00549919558007868,140.47314219876608,False,prodose
119,517509371,0.005496468651962281,137.16439800551214,False,prodose
120,1943261964,0.005482031291243838,138.99844192915975,False,prodose
121,2127435000,0.005508537655916924,137.8822780051149,False,prodose
122,509455097,0.005499650903299638,136.6474582963428,False,prodose
123,319395442,0.005502142201614657,139.92117606302116,False,prodose
124,564255198,0.0055033229216113555,141.88421825740843,False,prodose
125,2608775170,0.0054930441887223805,145.6949509418509,False,prodose
126,1823278835,0.005493162496288256,131.4285770473413,False,prodose
127,3159698211,0.005502989190876364,146.3608702010061,False,prodose
128,1823933577,0.005499415632746853,143.59271557038957,False,prodose
129,2565951791,0.005501009831571087,140.08645866765832,False,prodose
130,2249098059,0.005495796277169191,137.30902175376335,False,prodose
131,3939014736,0.005499896749925839,139.15207993206388,False,prodose
132,3001009342,0.005494754040643287,136.26416998921107,False,prodose
133,1202012316,0.005506449063465005,140.16760902334107,False,prodose
134,1061015159,0.0055047300435400685,142.85317962129432,False,prodose
135,2235407673,0.005486997637412219,136.90982794470827,False,prodose
136,2149119051,0.0054959810142674185,138.87582352865311,False,prodose
137,3725782659,0.005488342383925236,136.78642896605717,False,prodose
138,1172168278,0.005501896364609627,138.29098601206337,False,prodose
139,2478348998,0.0055023426566999075,134.10245639066395,False,prodose
140,1641730345,0.005511413032108421,143.70052805914207,False,prodose
141,3530587513,0.005498276001307018,135.3976737119542,False,prodose
142,2213494744,0.0055021739436861596,142.47987116345683,False,prodose
143,3186677741,0.005490567133130409,133.19740625681737,False,prodose
144,1533444623,0.005490599093078936,135.83800573540574,False,prodose
145,1235402316,0.005487703835035037,134.24757543894182,False,prodose
146,2533740391,0.005494960298286221,143.86343133495714,False,prodose
147,1556245661,0.005498079348544872,143.95431459615574,False,prodose
148,486096565,0.0054989374914937595,137.54146342739583,False,prodose
149,4235545204,0.005494288285945025,138.4949753385458,False,prodose
150,1245241074,0.005496318621731957,143.14723188506667,False,prodose
151,3376914126,0.005501240276347281,145.0094591274215,False,prodose
152,3574178072,0.005485863110654672,140.8527262174858,False,prodose
153,1587701800,0.005498827577053896,142.03933177047807,False,prodose
154,2989105546,0.005488674508327233,138.36123118759113,False,prodose
155,2810786494,0.00549096139359874,140.45466432944227,False,prodose
156,4173236957,0.005491426892529888,136.3823870523142,False,prodose
157,2710233543,0.005493318686108816,137.85566571663534,False,prodose
158,4267395681,0.005506648356239338,142.71407526639052,False,prodose
159,4121886027,0.005509223706908952,139.284346312857,False,prodose
160,1073601572,0.0054858760721675105,135.19188858636582,False,prodose
161,1171170576,0.005490661484940103,143.03812517100724,False,prodose
162,142753959,0.005494049674125483,141.63139446405134,False,prodose
163,2317997291,0.0055045634047319394,138.52033434567085,False,prodose
164,1370879505,0.005510491259549101,139.51317055141746,False,prodose
165,450190388,0.005497883104285901,139.9310273758183,False,prodose
166,2152101347,0.00550222204352141,140.12574669665585,False,prodose
167,3915255261,0.005479136919296771,139.07743181909584,False,prodose
168,1235944172,0.005502030945050509,142.5442405704082,False,prodose
169,1636074492,0.0054907066874265815,137.0412535798883,False,prodose
170,976382066,0.00549818008405871,140.46533400590786,False,prodose
171,3104681164,0.005500850234565864,135.30483378071804,False,prodose
172,2694063870,0.0055068850716453914,139.11089485770694,False,prodose
173,705731965,0.005492063165528639,138.81891462280097,False,prodose
174,3267905192,0.005491538502580529,133.2710581226,False,prodose
175,4023263509,0.005486489752442323,138.79008275742356,False,prodose
176,2025987045,0.005499883003777254,138.2075317926725,False,prodose
177,1311561390,0.005502198501277566,143.53017830359724,False,prodose
178,1299828921,0.005501836107302003,141.00365120331028,False,prodose
179,1292891977,0.005496177444347182,138.92857014194772,False,prodose
180,470678547,0.0055042441554236455,135.42525884615856,False,prodose
181,208592408,0.005486797351198961,135.85356113330445,False,prodose
182,3775551779,0.0054980207493337,139.931547303714,False,prodose
183,2552742652,0.005501954123031695,135.6516366597667,False,prodose
184,133161658,0.005485887279097885,138.08943411562157,False,prodose
185,1701700686,0.00549804093468019,138.7390036784495,False,prodose
186,4176284458,0.005501150037881575,142.50795486788752,False,prodose
187,1462109702,0.0054932811722059735,139.6147420238305,False,prodose
188,1426698810,0.00551724031875694,141.79683769378065,False,prodose
189,2610390100,0.005484622723328366,140.12915505628496,False,prodose
190,2452554139,0.005487483315652133,135.0916128869623,False,prodose
191,2754731849,0.005486794152049175,136.90125789211834,False,prodose
192,2795880730,0.005501689227153918,142.92981931735673,False,prodose
193,2002338523,0.005493100460180187,135.6260969109334,False,prodose
194,3825570715,0.005483832724190063,130.78429534710833,False,prodose
195,1659367143,0.005495041736882938,137.19124469737673,False,prodose
196,2732557950,0.005487197101330162,134.02530665711012,False,prodose
197,222381867,0.00548431470635538,137.37606606386788,False,prodose
198,2831530895,0.005502302477644064,139.19781070937066,False,prodose
199,3319199097,0.005501093951260432,136.77867201916308,False,prodose
200,3176432802,0.005508969462334506,137.51147622770154,False,prodose
201,1827669584,0.00549481154106827,138.27378637898192,False,prodose
202,430921256,0.0055027019339558975,139.4291648567146,False,prodose
203,2591277476,0.005492677134762014,137.8545726243238,False,prodose
204,3250752428,0.005501251508854991,139.5123539716646,False,prodose
205,522977510,0.005489797680384322,134.49379229628275,False,prodose
206,708675793,0.0054987327117700146,134.7948850326759,False,prodose
207,2567628822,0.005495356284681833,140.70543601465425,False,prodose
208,76537516,0.0054928256863840084,135.7225975512131,False,prodose
209,1918425851,0.005494483882455878,144.26184381889826,False,prodose
210,1241378847,0.005494800480047249,141.41376448402107,False,prodose
211,3928562307,0.005496097808758636,135.28618641932388,False,prodose
212,4151399654,0.005485968840819138,128.67600403591402,False,prodose
213,3220380728,0.005486872028754207,140.11987725065285,False,prodose
214,3292997990,0.005494790514909746,136.8864939158052,False,prodose
215,497822434,0.005499467867687932,135.86349888530071,False,prodose
216,2439951174,0.005490028923616071,140.15905672184792,False,prodose
217,3267356194,0.005493513917936418,138.1776975798715,False,prodose
218,672709555,0.005501492789813836,138.1219102870187,False,prodose
219,1801726328,0.005488853646544034,138.57575885825148,False,prodose
220,3076602667,0.005487031288183383,136.8141829669574,False,prodose
221,3602069613,0.005498471303680398,138.86329970642228,False,prodose
222,3629340138,0.005496311061658407,140.16418938838308,False,prodose
223,254543892,0.005496102227948586,141.44291230898295,False,prodose
224,3315409687,0.00550217231643746,135.6629451657828,False,prodose
225,487126274,0.005484840847281768,138.5291922717343,False,prodose
226,3561670529,0.005497070558269048,141.64749744827975,False,prodose
227,4113537158,0.00549673753613923,144.10599642868428,False,prodose
228,3878899909,0.005496681977942289,134.6553941717975,False,prodose
229,4221216848,0.005502768638779401,141.24507383918748,False,prodose
230,182011415,0.005498209756868861,141.51860338580417,False,prodose
231,2945910666,0.005494848064824203,141.81225900237465,False,prodose
232,2117922477,0.0055121993295687,143.63543916847098,False,prodose
233,3943632134,0.0054773833215241065,136.73628025292052,False,prodose
234,3210699483,0.005497619716913268,140.09231083699035,False,prodose
235,915892273,0.005491051639848326,138.24943373856595,False,prodose
236,3932573701,0.0054924761797655,135.5257912639371,False,prodose
237,430943987,0.005487839312681114,139.66703275000594,False,prodose
238,782762171,0.005485271115109516,136.48520547033746,False,prodose
239,2100308787,0.005501168886263679,140.37902523808063,False,prodose
240,3468204677,0.0054954247860984785,137.8937134873893,False,prodose
241,2719858451,0.005496702146562747,138.4373569984315,False,prodose
242,3443860684,0.005490292935241435,133.77225958546555,False,prodose
243,747830971,0.005497348332707713,137.93149807006117,False,prodose
244,3887145181,0.005500325946230718,136.8565775636209,False,prodose
245,1840390699,0.005490857978089522,144.7678304432624,False,prodose
246,528786013,0.005506885278678236,143.3945221790565,False,prodose
247,2828115383,0.005487255184318491,141.69235156800036,False,prodose
248,2237942307,0.005501910141202975,139.4382149098137,False,prodose
249,1185083516,0.005489995941302634,135.14946952776785,False,prodose
250,3931397776,0.005503438123872206,139.031481458678,False,prodose
251,1991475724,0.005495484445192283,138.99155271939057,False,prodose
252,935687766,0.005505597511355742,142.16936204110027,False,prodose
253,4244918982,0.005502368395068901,135.76988973490595,False,prodose
254,686067119,0.005491153755793173,138.79444948011587,False,prodose
255,3422065638,0.005494905990054146,144.67647376059554,False,prodose
256,3146498781,0.005500815277324298,137.28525182665635,False,prodose
257,887514465,0.005504350261075914,141.0502644436022,False,prodose
258,457802394,0.0054986026480740345,139.4473339759971,False,prodose
259,3512842940,0.005493795650753027,140.0846882359648,False,prodose
260,3960792534,0.0054966938266098496,134.5585428974468,False,prodose
261,3864271659,0.005492717104123773,136.13946788219502,False,prodose
262,688114642,0.005502180242570157,140.8481987080221,False,prodose
263,1830129806,0.005501492764712643,137.9676366776199,False,prodose
264,3225176720,0.00549763464607749,140.8599670127721,False,prodose
265,851572338,0.00548991940942785,137.87498899822967,False,prodose
266,1871546228,0.005496395979652104,140.34619859993225,False,prodose
267,1936044167,0.005501061960831885,142.21397493409088,False,prodose
268,3372879648,0.005507027820354927,140.52483370814528,False,prodose
269,3204362402,0.005498371942529406,139.36145022530454,False,prodose
270,47799706,0.005490425013345962,138.0138098638668,False,prodose
271,1278464186,0.0054953634927647444,138.37648608824168,False,prodose
272,518401371,0.005504302348479974,135.3694024687828,False,prodose
273,3661969487,0.005494193493336381,140.3225833659215,False,prodose
274,663950393,0.0055082329407766025,140.17634461869457,False,prodose
275,1532553994,0.005498300691842553,143.79500084070568,False,prodose
276,1346547831,0.005503292141565329,138.4431321897279,False,prodose
277,876345254,0.0054933577290800254,135.47811200495835,False,prodose
278,2603480731,0.005489708072862228,142.32810201705527,False,prodose
279,68243990,0.005495292996706554,137.1853543229623,False,prodose
280,4128367773,0.005500334778526668,137.53282690720297,False,prodose
281,371281863,0.0054952150253697344,138.32426075897112,False,prodose
282,2270938196,0.00549408423651884,141.54156092094007,False,prodose
283,45046876,0.005498670427729301,140.6783068918126,False,prodose
284,544891243,0.005490325266781465,137.66071762938134,False,prodose
285,3208768402,0.005495726234389101,139.8400560502852,False,prodose
286,3473651324,0.005501552985885706,145.5830333665475,False,prodose
287,2167583842,0.005514125328917651,140.4210299077856,False,prodose
288,686382895,0.005491764756123381,134.81536343833494,False,prodose
289,1697127465,0.005474053785733531,132.07835026473236,False,prodose
290,2125130665,0.005486128066546117,136.31414707331768,False,prodose
291,2351205166,0.005493697141943733,141.1513978103647,False,prodose
292,4239249511,0.005492494618846912,139.29556819776272,False,prodose
293,1973918471,0.005502324750604928,140.76278713143356,False,prodose
294,655674993,0.005494801235660435,136.91635632302882,False,prodose
295,827691858,0.005492198887809626,143.00108604189083,False,prodose
296,3493992394,0.005490684788311218,138.6277742894402,False,prodose
297,956362155,0.005483726126329323,133.9825878874109,False,prodose
298,2146157356,0.005498570953282815,138.88195869084652,False,prodose
299,3414271537,0.00550403588467294,137.69284645880595,False,prodose
300,559849590,0.005496315422922719,136.43198055232125,False,prodose
301,450853063,0.00550060601043464,140.3195512887509,False,prodose
302,1840998136,0.005491266519272571,139.214619008544,False,prodose
303,1795107178,0.005503670457453616,138.77030383161733,False,prodose
304,2106992203,0.005496531458945822,137.825510968066,False,prodose
305,184672165,0.005505017518886096,140.9078803014127,False,prodose
306,802108414,0.005493415786848926,139.12790124986628,False,prodose
307,231086063,0.005498152041350625,140.73227688409025,False,prodose
308,2446854899,0.005495452831186749,138.12637360355086,False,prodose
309,1671461478,0.005498744789195623,134.42542927506372,False,prodose
310,3537148433,0.005488379627578318,136.2982367283488,False,prodose
311,3688361700,0.005507113006274141,137.44914510842025,False,prodose
312,1245463590,0.0054966195718124,136.0692764906562,False,prodose
313,1013036980,0.005493700777948822,133.53046087916263,False,prodose
314,1226215973,0.005482900042758849,135.47566222226442,False,prodose
315,364652306,0.005499138506885814,143.31835772773007,False,prodose
316,1283061897,0.005484493996013394,139.28301774461167,False,prodose
317,1470283,0.005503007032429032,140.8264029360477,False,prodose
318,199832425,0.00550646788458437,143.8752952444914,False,prodose
319,3097771470,0.005493485271821443,141.93879809472793,False,prodose
320,2696106355,0.005499811078088276,135.98995182057035,False,prodose
321,2232758850,0.005487918045101086,138.14577990739764,False,prodose
322,3033895628,0.005493481296035215,140.87137078230154,False,prodose
323,1430392515,0.00549719705661909,138.7103253033953,False,prodose
324,1969129604,0.005496884344740178,137.98314486081907,False,prodose
325,5218528,0.0055004712686742355,134.7625269991065,False,prodose
326,4240644077,0.005493195922004245,138.04486196298888,False,prodose
327,2534146558,0.005501693812841401,137.34113136994367,False,prodose
328,1333938853,0.0054968696977081575,138.60337491316304,False,prodose
329,3136855569,0.005505310783018819,140.1356551627242,False,prodose
330,3815004550,0.0054925436242622815,143.40655850385411,False,prodose
331,3698222296,0.005504996223693743,140.18785948655744,False,prodose
332,354739652,0.005489594575305378,136.1450080084526,False,prodose
333,3529987274,0.005484104522202168,135.90377795377202,False,prodose
334,541453122,0.0054929096036804344,137.76628136750156,False,prodose
335,2204998005,0.005493039555902742,141.19731918776446,False,prodose
336,3732966087,0.005494579825970468,145.65819800388982,False,prodose
337,264182764,0.005492466518121429,137.0296921108175,False,prodose
338,2396125026,0.005498689999258726,139.12457366945313,False,prodose
339,2059248617,0.005500284443042293,140.99323152943376,False,prodose
340,669435055,0.0055029935433372245,138.52495325042398,False,prodose
341,2061517957,0.005499459587361186,138.2389345335663,False,prodose
342,1650518464,0.005484165131381595,139.77021785439698,False,prodose
343,3878520479,0.005487155001057977,136.13348104579245,False,prodose
344,420856223,0.0054883880469371454,144.98565922560974,False,prodose
345,1017724464,0.00550215400794668,133.62755641328084,False,prodose
346,2942459410,0.005508003782246793,141.42687948821816,False,prodose
347,737407379,0.0054940038968954085,135.458483539559,False,prodose
348,518087169,0.0054973662012041645,138.46483179344733,False,prodose
349,3715455698,0.005488773093223176,137.25085132541918,False,prodose
350,947257689,0.005501019255557008,140.92847079041505,False,prodose
351,2233220801,0.005495590734517678,138.759325488388,False,prodose
352,3640735425,0.005501580110028349,139.9523242980065,False,prodose
353,337515072,0.005501816016192035,133.31466660831626,False,prodose
354,2466080105,0.005488697952326635,135.1660736219467,False,prodose
355,3333352744,0.005485515056656202,137.05769983052036,False,prodose
356,728327546,0.005485727198676712,138.17446395654056,False,prodose
357,1105615897,0.005493754678518219,140.5506021301232,False,prodose
358,2871640914,0.005493041237724978,141.14017197818887,False,prodose
359,3069949897,0.005495570469583658,136.11778667003895,False,prodose
360,3925486500,0.005492561592141355,140.38751134953117,False,prodose
361,10626084,0.005505078878468646,141.00894091396472,False,prodose
362,601816781,0.005487165041611014,135.48853771295234,False,prodose
363,159163699,0.005480522772795979,133.2107954513509,False,prodose
364,1085320835,0.005483424321903527,136.20976682391617,False,prodose
365,4146889783,0.005489792604639319,131.0426446176767,False,prodose
366,2063061599,0.005495175840279082,144.4710738283903,False,prodose
367,115397056,0.005486249222268964,134.8704030200772,False,prodose
368,2299618652,0.005487833842121691,136.50514980758027,False,prodose
369,2262158053,0.005497715964113277,143.43984954218683,False,prodose
370,3562804231,0.005503908718538238,143.5045691627853,False,prodose
371,1838309041,0.005485967912110406,136.6585389068351,False,prodose
372,1613819215,0.005486170208336077,137.7932732129988,False,prodose
373,1473139458,0.005498966445522418,140.30373383539347,False,prodose
374,4119963970,0.0054886357358591474,138.93828683473996,False,prodose
375,1990630631,0.005491395086337356,135.84649428285744,False,prodose
376,2797029371,0.005495415692642871,134.9961488080261,False,prodose
377,3519417921,0.005487377886864998,135.30501139571015,False,prodose
378,2335389154,0.00549770870007637,133.513556929652,False,prodose
379,2244239792,0.005493081783328955,132.2555195493327,False,prodose
380,1102777103,0.005495740300070096,137.53438167633786,False,prodose
381,2937202006,0.005504238716919486,138.5168073371941,False,prodose
382,2283104663,0.005497631659797607,137.97905973708671,False,prodose
383,908287900,0.00549511880005259,140.92353180530958,False,prodose
384,2842221789,0.005493245371631597,138.2214125895386,False,prodose
385,3654167843,0.005497933869536413,134.2579861044144,False,prodose
386,921110584,0.005500504018516513,137.4160974484242,False,prodose
387,1543728275,0.0055050020363662765,140.45167861975114,False,prodose
388,3771830365,0.005509526307750881,140.48524586218312,False,prodose
389,1978922231,0.0055028777949329205,137.47058158526596,False,prodose
390,3387424202,0.005512354994961313,140.88979246026906,False,prodose
391,796400121,0.005490486512199832,137.22056427240298,False,prodose
392,3483560082,0.005485847262964809,138.9890590847643,False,prodose
393,3248290870,0.0054893429015797105,139.87416867508412,False,prodose
394,621276701,0.005499337852112771,143.6125438539197,False,prodose
395,826352917,0.005491327159830104,143.16899300469825,False,prodose
396,3596754838,0.005485630973956259,137.0146882858404,False,prodose
397,1406320926,0.005485932248797518,140.3665565304763,False,prodose
398,536904455,0.005490644259369708,135.5525645243206,False,prodose
399,3685511454,0.005498312263152313,146.0816045795104,False,prodose
400,2282909592,0.005489575960731678,137.0292038708379,False,prodose
401,1435056840,0.005493221683581774,133.5509328240431,False,prodose
402,3677755016,0.005497741657225753,136.4611130262122,False,prodose
403,3561311998,0.005503870946686465,141.5512974411534,False,prodose
404,748565502,0.005499344647853171,141.90205605336055,False,prodose
405,3677330685,0.005496084307928657,137.33377910203785,False,prodose
406,1328624033,0.0055088446028884915,137.34809912407223,False,prodose
407,857084893,0.005483349638095535,138.50512292520716,False,prodose
408,2013158575,0.005497838594631423,143.22263348861904,False,prodose
409,1090037367,0.005491781998310243,136.43713521881568,False,prodose
410,3602490481,0.0054845864729102635,138.0827312324108,False,prodose
411,895367271,0.0054999712969048585,139.94273848172915,False,prodose
412,3220046091,0.005484400050554557,135.52376785231374,False,prodose
413,3425432277,0.005489099490678658,139.76280859959186,False,prodose
414,1614291338,0.005498861608772398,139.9882818139666,False,prodose
415,628032578,0.005488475273177084,133.55874568053375,False,prodose
416,2189916916,0.005499796683218947,137.1807902792529,False,prodose
417,830602044,0.0055008291839312475,142.70633961184222,False,prodose
418,625266572,0.005493660090589573,136.3218447038781,False,prodose
419,3581129903,0.0055026688498801294,139.51006449576658,False,prodose
420,402487097,0.005494597264302289,142.31280642775536,False,prodose
421,4020424268,0.005485971791635218,136.2411424879236,False,prodose
422,3102443584,0.005496971794670568,136.1407308230962,False,prodose
423,1153763144,0.005495030791198282,138.88717825222062,False,prodose
424,3010383501,0.005497342641270323,142.26857163048885,False,prodose
425,2192646673,0.005493423979910545,140.71251666740207,False,prodose
426,1622594405,0.005493118580396023,138.19125113202116,False,prodose
427,1606142236,0.005478987960463817,133.49089891144584,False,prodose
428,22636621,0.005502997746804828,142.26563453476496,False,prodose
429,432717119,0.005495228862790131,136.6263112367781,False,prodose
430,3361099436,0.005503428224479722,143.16463601285423,False,prodose
431,2665521269,0.00549374093168395,138.65611569117556,False,prodose
432,3342387074,0.005498864355569096,141.0186554143573,False,prodose
433,2752382821,0.00549616812612534,138.3188469509491,False,prodose
434,476643337,0.005482446053286271,135.8101126240374,False,prodose
435,2043963301,0.005489625300310449,142.9810806477336,False,prodose
436,192605378,0.0054972004215970306,139.66041329919358,False,prodose
437,3763057517,0.005491011018666086,138.48322400722233,False,prodose
438,822055127,0.005490472900800036,132.62734101564646,False,prodose
439,931420394,0.005494453235863535,146.109504210876,False,prodose
440,3244723866,0.005495006889447922,133.3812658120038,False,prodose
441,4270205729,0.005483857126417557,133.42749911077638,False,prodose
442,2065709165,0.005503961443480264,135.475604000799,False,prodose
443,1278833405,0.005495353662560581,135.869827625882,False,prodose
444,3603623001,0.0054997776178005555,137.76991089673925,False,prodose
445,1955235843,0.005498657347520651,144.88752356494996,False,prodose
446,624297747,0.005497944975023668,143.35113474241027,False,prodose
447,798818454,0.005494291666746905,140.67528718125976,False,prodose
448,3861688336,0.005491168927452616,134.01646460444206,False,prodose
449,1919511008,0.005480424215901014,136.21979411801763,False,prodose
450,2637216027,0.0055051142266084605,141.3578218042331,False,prodose
451,3118723443,0.0054921604538612084,141.4748975884626,False,prodose
452,3033201352,0.005488970756411602,139.45268311044927,False,prodose
453,165619309,0.00549664944368116,141.55715196661941,False,prodose
454,3139726880,0.005494463892087796,136.12432979531957,False,prodose
455,1218755070,0.005492213091678472,139.19717614218243,False,prodose
456,1343296439,0.005496513662654787,137.73434690133215,False,prodose
457,295697702,0.005503045932909858,139.5567626851496,False,prodose
458,2884656487,0.005488617860824827,134.7966792156144,False,prodose
459,2045992101,0.005495200720211357,140.1006259740459,False,prodose
460,2560533983,0.005499583233551229,142.7122763925947,False,prodose
461,2550370154,0.005515117850077951,142.16253961070748,False,prodose
462,865588087,0.005496783503296805,141.37539858058764,False,prodose
463,4265100633,0.005501017606366897,141.9506899869456,False,prodose
464,807916588,0.005487311798486912,138.05211538237074,False,prodose
465,1586810168,0.005490754136498167,133.03874392995945,False,prodose
466,1785648863,0.005504213131621385,142.71487971631748,False,prodose
467,2222852637,0.005495274240623348,142.70090679746136,False,prodose
468,1594341479,0.005502726931052174,143.1731975288089,False,prodose
469,1438822881,0.005489343088742362,138.7399887095166,False,prodose
470,2658935053,0.005498786196688695,135.29156371818465,False,prodose
471,2707917477,0.005487394864161983,139.41081653094,False,prodose
472,2803721060,0.005492184115098284,140.022747133324,False,prodose
473,1395412558,0.005509168188666554,142.90040012596518,False,prodose
474,4162612182,0.00549661935063162,137.67253952602712,False,prodose
475,672699311,0.005506181408513337,137.28959888196707,False,prodose
476,2984443971,0.005489653646222395,134.72010162996344,False,prodose
477,794106453,0.0054852060347830205,137.4718916972587,False,prodose
478,1110004159,0.005498070913121659,141.53631390722472,False,prodose
479,2749340053,0.005496192805010706,140.796323968776,False,prodose
480,2296486854,0.0055041524899820575,142.53354997372287,False,prodose
481,4218994637,0.0054933674816017245,138.6668021961402,False,prodose
482,1058166033,0.005491020554063318,144.4331181164037,False,prodose
483,397096617,0.005496185687197251,136.08023976746335,False,prodose
484,2094587817,0.005488893525921206,139.59171730574715,False,prodose
485,2540345896,0.005502493369936041,137.37113467043656,False,prodose
486,794727714,0.005493378687770365,140.00470239708096,False,prodose
487,1437891374,0.005480288261860584,135.01301665823593,False,prodose
488,4117925988,0.005493127657245543,138.95420076051727,False,prodose
489,1456542849,0.005490556643378048,140.91022648205194,False,prodose
490,3533015500,0.005492418769471924,140.75170230619725,False,prodose
491,1308705019,0.005505739227295805,145.0879930860071,False,prodose
492,4284291081,0.005498344990442171,145.1203976479992,False,prodose
493,2873278973,0.005497262951269729,140.00952855305044,False,prodose
494,2639462074,0.005488970885622784,137.05696953322968,False,prodose
495,2622914202,0.00549548945990491,142.34261691450192,False,prodose
496,467964318,0.005489345136895124,136.28406634446438,False,prodose
497,633343896,0.005485411143861363,135.0327305531788,False,prodose
498,1649588869,0.005491973024943764,136.38434123801454,False,prodose
499,483049793,0.005492131846813642,139.47504596533526,False,prodose
0,1534300902,0.004195587161572551,194.46932949197068,False,prodose-2
1,1164467785,0.0041936189435779194,186.61494911722923,False,prodose-2
2,4019571495,0.00418135664505582,184.67709850566922,False,prodose-2
3,2983006718,0.004198409749563247,192.62473881954017,False,prodose-2
4,663946948,0.004190222056854901,190.17197596577893,False,prodose-2
5,2583953223,0.004188812192941038,190.01255493672846,False,prodose-2
6,3497155382,0.004195858620613088,192.66847094836325,False,prodose-2
7,2405417119,0.004195212993725829,195.68817878318342,False,prodose-2
8,1091055109,0.004198835172856571,190.4679590760804,False,prodose-2
9,2162377008,0.004183014253361905,192.49499273668732,False,prodose-2
10,1071400724,0.004191138860985827,190.28136313383777,False,prodose-2
11,1001995638,0.004192344872020043,183.18858172360223,False,prodose-2
12,217238942,0.004202209992577042,186.93416609229567,False,prodose-2
13,2777003693,0.00419259242707895,189.1348292519683,False,prodose-2
14,2511684999,0.004175376856028404,191.2373065941172,False,prodose-2
15,3514559089,0.004208414008751251,196.3997095737776,False,prodose-2
16,239398304,0.004187964280914803,198.2382624138064,False,prodose-2
17,3322505347,0.004194789791677196,203.30771439965716,False,prodose-2
18,3953749680,0.004203506196444631,194.2559913054427,False,prodose-2
19,4150699475,0.0041795215896591595,192.57170048086826,False,prodose-2
20,732921353,0.004203844538106008,194.42815336293063,False,prodose-2
21,2719692682,0.004185363858226353,187.51127103288155,False,prodose-2
22,3518170764,0.0041944059820679756,191.09005047702684,False,prodose-2
23,254278565,0.004193301605689806,193.77588345866647,False,prodose-2
24,1658562289,0.0041884854805159496,193.5025149275652,False,prodose-2
25,2309534912,0.004190473213816498,196.51910432682297,False,prodose-2
26,4293083682,0.004179525843454212,194.66979971106932,False,prodose-2
27,1857116490,0.004196277404042945,197.59354159512796,False,prodose-2
28,3033267766,0.004198204911641008,195.06862277147422,False,prodose-2
29,1806365140,0.004192473447999804,200.37935382734992,False,prodose-2
30,3331038350,0.0042090332432858785,200.5588405822721,False,prodose-2
31,2025001860,0.004190069620824559,196.651611247029,False,prodose-2
32,2942027868,0.004192803656528146,188.8755282940056,False,prodose-2
33,4169642204,0.004206696956090983,191.27786596150636,False,prodose-2
34,1091660028,0.004189083645923004,190.50718411451464,False,prodose-2
35,3944194234,0.004215724966090977,192.59149526420003,False,prodose-2
36,560005137,0.004200327878568363,193.1814164689497,False,prodose-2
37,2272979157,0.004194948628783724,191.30734546654455,False,prodose-2
38,1854366202,0.004182202082263886,191.18339484139202,False,prodose-2
39,3314029215,0.004184902076600019,187.38649048006982,False,prodose-2
40,2177302990,0.004189117152805856,195.92183033967902,False,prodose-2
41,2333526058,0.00419623139611582,194.48572610648216,False,prodose-2
42,2000950190,0.0042025014607098635,190.92052326712704,False,prodose-2
43,2819219278,0.004190664328515843,182.31555535985814,False,prodose-2
44,200634381,0.0041975924046906525,196.11289246332288,False,prodose-2
45,470141706,0.004185724014889656,195.5525340019407,False,prodose-2
46,2107529510,0.0041832587367999835,196.3947830401042,False,prodose-2
47,767093248,0.004187772527594583,193.5413294593559,False,prodose-2
48,2938017294,0.004207116795571209,200.82032900573464,False,prodose-2
49,3859383813,0.004190393577436671,198.33733895283999,False,prodose-2
50,819622437,0.004183428746678672,187.5077353516149,False,prodose-2
51,3648799017,0.004197879599001095,195.84466843490642,False,prodose-2
52,3293487730,0.004202956382325198,197.38102318394752,False,prodose-2
53,63475677,0.004182206579069788,185.3492759259973,False,prodose-2
54,171080708,0.004191195001703716,192.19467231165598,False,prodose-2
55,967777747,0.00419017037580918,186.2239251657181,False,prodose-2
56,2487597265,0.0041880905373721114,190.60396590721498,False,prodose-2
57,1451114484,0.004194179918964953,196.2706109972147,False,prodose-2
58,1097024391,0.004189394436003606,197.61024813334916,False,prodose-2
59,4257086724,0.004201412154081641,193.39250609358106,False,prodose-2
60,3394070926,0.0041815051324759055,177.30194747389405,False,prodose-2
61,3428450892,0.0041948453128299295,192.02561303022605,False,prodose-2
62,1036898910,0.004198914452739262,194.47671467941763,False,prodose-2
63,1564636315,0.004170951390216411,191.92643696036447,False,prodose-2
64,1183206668,0.0041861241537595436,185.0675132975946,False,prodose-2
65,789486627,0.004196879350395669,200.92876227986397,False,prodose-2
66,3792746941,0.00419910715973637,200.3401567502745,False,prodose-2
67,4116075158,0.004193458907407214,198.28457677758175,False,prodose-2
68,1836560096,0.0041885672088273285,197.16295433028245,False,prodose-2
69,1244026418,0.004194628589914488,194.36738211622634,False,prodose-2
70,1681383947,0.0042054649886818654,195.17913195847635,False,prodose-2
71,3812871534,0.0042023364341015985,194.06256194203903,False,prodose-2
72,1873554360,0.004182717788229455,189.9164778913901,False,prodose-2
73,3962708171,0.004188584917376054,187.44818108108328,False,prodose-2
74,426170304,0.004195367377165095,198.34058022319093,False,prodose-2
75,1232346705,0.00421008717688966,192.68253684444994,False,prodose-2
76,849750642,0.004194067157740196,189.81192256535783,False,prodose-2
77,3814594969,0.004183506319030347,200.82431942738611,False,prodose-2
78,4209807319,0.004197280722269656,194.96952277737967,False,prodose-2
79,1082998195,0.004190864447373799,191.21436714327285,False,prodose-2
80,2986786815,0.004185196311487819,185.72120959657875,False,prodose-2
81,4108379753,0.004185938942722616,191.54538898224772,False,prodose-2
82,231629173,0.004195240190380573,204.0210138275014,False,prodose-2
83,63657658,0.004192095836953743,200.9143475632835,False,prodose-2
84,833224081,0.004206295001712106,186.82549645435842,False,prodose-2
85,2320017902,0.004191126293507344,200.90470280363635,False,prodose-2
86,3253037847,0.004197774670696568,202.53444814320756,False,prodose-2
87,2364839727,0.004193754204245709,201.11861354248921,False,prodose-2
88,2130290988,0.004174248429957828,190.89471399477998,False,prodose-2
89,1651516543,0.004193403413879998,197.14999219404916,False,prodose-2
90,2057169013,0.00418556839629072,195.8100305794579,False,prodose-2
91,128842784,0.004205042342963107,187.97031840544278,False,prodose-2
92,406019861,0.00420566623242993,195.52078901067054,False,prodose-2
93,704344243,0.004183414928339819,196.28852420145043,False,prodose-2
94,1958806023,0.004189814713619188,191.32121294094864,False,prodose-2
95,3170964429,0.004189286047955525,192.914155864911,False,prodose-2
96,1773728103,0.004196293964102376,194.39020478497406,False,prodose-2
97,921265495,0.004173863352452875,196.59749389649446,False,prodose-2
98,1090685191,0.004188019248384109,188.01450230632858,False,prodose-2
99,3177115778,0.004198836613430875,190.03269021287116,False,prodose-2
100,2901401872,0.004187643811645151,189.32766806638614,False,prodose-2
101,2688748388,0.004190436899979704,194.0388165922013,False,prodose-2
102,3536550427,0.004192065185478364,193.16588433461777,False,prodose-2
103,377874562,0.004188925627651796,197.0049606471138,False,prodose-2
104,3237630466,0.004192046791283273,182.86420497851898,False,prodose-2
105,1431627175,0.004174761397553171,195.20048149310315,False,prodose-2
106,1161248586,0.00419280062366605,194.61705294591002,False,prodose-2
107,3901944589,0.004194442328652209,191.46389114057578,False,prodose-2
108,2179040172,0.004184746450663607,198.4078918026048,False,prodose-2
109,176326870,0.004181648000652278,197.36457286864035,False,prodose-2
110,820506100,0.00418674816215014,190.00002519125547,False,prodose-2
111,3181136315,0.0042024530446564,190.53143398787873,False,prodose-2
112,3964260103,0.004220120864277168,199.68922416549546,False,prodose-2
113,4178652405,0.004182641520199488,192.37821950676167,False,prodose-2
114,3788341217,0.004172774927408842,194.82754034374054,False,prodose-2
115,957874098,0.004197305447854753,189.85992003629943,False,prodose-2
116,29944131,0.004188167927974079,189.76559391300637,False,prodose-2
117,1111775053,0.004186815807401906,195.80524340091455,False,prodose-2
118,1010955946,0.004198256355940437,195.08764455152493,False,prodose-2
119,517509371,0.004192112827504165,191.29091369803098,False,prodose-2
120,1943261964,0.0041764307355876065,194.0271367598702,False,prodose-2
121,2127435000,0.0042037844396424886,190.85541057841,False,prodose-2
122,509455097,0.004195153093913641,188.81194333586745,False,prodose-2
123,319395442,0.0041938870143547295,194.57757991151294,False,prodose-2
124,564255198,0.004196851502096187,197.70456591277554,False,prodose-2
125,2608775170,0.004187692784599247,198.56119569493617,False,prodose-2
126,1823278835,0.004189099530383677,183.8234855640034,False,prodose-2
127,3159698211,0.004196982961836421,203.29018426807426,False,prodose-2
128,1823933577,0.00419563712684095,196.77603050103963,False,prodose-2
129,2565951791,0.004195740507857629,192.4285150321989,False,prodose-2
130,2249098059,0.004188192691719731,191.1091642660251,False,prodose-2
131,3939014736,0.00419355567637034,194.40336231250495,False,prodose-2
132,3001009342,0.004188622873582156,186.41424149077443,False,prodose-2
133,1202012316,0.004205434992600641,192.72068187591367,False,prodose-2
134,1061015159,0.0042023543293316975,196.20659919461218,False,prodose-2
135,2235407673,0.004181044714335775,190.29448990077066,False,prodose-2
136,2149119051,0.004193918613568357,191.8936199781186,False,prodose-2
137,3725782659,0.004184341041341396,192.8737894402782,False,prodose-2
138,1172168278,0.004195629199292681,193.21073442569343,False,prodose-2
139,2478348998,0.004199726655785332,185.56536069438138,False,prodose-2
140,1641730345,0.004211882591595328,199.03908361648047,False,prodose-2
141,3530587513,0.004188857318191492,188.18788439603762,False,prodose-2
142,2213494744,0.004200605476071527,193.16253800847917,False,prodose-2
143,3186677741,0.004187751070894154,186.50361928483613,False,prodose-2
144,1533444623,0.004183643163090633,185.82338784788305,False,prodose-2
145,1235402316,0.004187001887712601,186.2898140994285,False,prodose-2
146,2533740391,0.0041998160185986715,200.0494254751467,False,prodose-2
147,1556245661,0.004196868450672853,196.73312084287375,False,prodose-2
148,486096565,0.004196249883462805,188.31156638011154,False,prodose-2
149,4235545204,0.004185433520965806,190.73387032437796,False,prodose-2
150,1245241074,0.004193965873029963,194.8816855991665,False,prodose-2
151,3376914126,0.0041959334004383715,201.97483687026718,False,prodose-2
152,3574178072,0.004180833913001706,198.0546012494537,False,prodose-2
153,1587701800,0.0041978481471710806,195.4660453486574,False,prodose-2
154,2989105546,0.004184906023246459,188.90078008742364,False,prodose-2
155,2810786494,0.004184177096983072,192.22866814879146,False,prodose-2
156,4173236957,0.004185150148561243,188.39330182302072,False,prodose-2
157,2710233543,0.004188347360703723,194.7997805331931,False,prodose-2
158,4267395681,0.004204620452301035,197.79600177546072,False,prodose-2
159,4121886027,0.004210099247393133,190.46979532201377,False,prodose-2
160,1073601572,0.004175388867291015,189.54149700217764,False,prodose-2
161,1171170576,0.004190529702265264,192.63431490486002,False,prodose-2
162,142753959,0.004191276123445784,197.02966987431557,False,prodose-2
163,2317997291,0.004199587079068232,193.2948482662337,False,prodose-2
164,1370879505,0.004206947288477962,191.9358598943318,False,prodose-2
165,450190388,0.004196740585716015,193.550035449923,False,prodose-2
166,2152101347,0.004201232947910442,193.233335895201,False,prodose-2
167,3915255261,0.004173282400463812,193.4114555314029,False,prodose-2
168,1235944172,0.004196045444646585,197.61320358590376,False,prodose-2
169,1636074492,0.004181407335063848,188.91316820555429,False,prodose-2
170,976382066,0.004194206219454992,194.70961100338965,False,prodose-2
171,3104681164,0.0041949061364143555,184.64937597582772,False,prodose-2
172,2694063870,0.004204347562359234,195.52881086076803,False,prodose-2
173,705731965,0.004190690895340319,193.48189957494856,False,prodose-2
174,3267905192,0.004184560117511903,186.21339574268114,False,prodose-2
175,4023263509,0.004176906651867005,191.068715726269,False,prodose-2
176,2025987045,0.004193754352265331,192.7669308704953,False,prodose-2
177,1311561390,0.004202914228027086,198.82341488163016,False,prodose-2
178,1299828921,0.004198554093451442,195.29464755927904,False,prodose-2
179,1292891977,0.004193430149102504,194.42810044145955,False,prodose-2
180,470678547,0.004199466172610996,186.75332518345022,False,prodose-2
181,208592408,0.004180877717014205,187.21864537886543,False,prodose-2
182,3775551779,0.004193194973989154,189.1032008236806,False,prodose-2
183,2552742652,0.0042004028529826305,188.26278494232605,False,prodose-2
184,133161658,0.004179163286449041,193.39714934374862,False,prodose-2
185,1701700686,0.0041972337831793095,191.1397174532183,False,prodose-2
186,4176284458,0.004196883150945304,197.4837569369779,False,prodose-2
187,1462109702,0.00418900651638709,191.65925323590415,False,prodose-2
188,1426698810,0.004218583590753013,198.53792164371944,False,prodose-2
189,2610390100,0.004181107005390205,193.33390449255046,False,prodose-2
190,2452554139,0.0041813796360295205,188.06104332438974,False,prodose-2
191,2754731849,0.004178298303340126,185.6490941434454,False,prodose-2
192,2795880730,0.0041992894452514825,198.6384302434032,False,prodose-2
193,2002338523,0.004185706486584723,191.46306733364298,False,prodose-2
194,3825570715,0.00417528874891315,187.60821428849036,False,prodose-2
195,1659367143,0.0041913769443630905,189.73772217865496,False,prodose-2
196,2732557950,0.0041791715561319285,188.1813110045534,False,prodose-2
197,222381867,0.0041795022769952625,192.57028404924822,False,prodose-2
198,2831530895,0.004196250212153063,200.17689671066265,False,prodose-2
199,3319199097,0.0041974749949434745,190.3190609807265,False,prodose-2
200,3176432802,0.00420922972334524,189.80013925878234,False,prodose-2
201,1827669584,0.004192221406954289,187.33200183627164,False,prodose-2
202,430921256,0.0042002589178272666,195.20322658597442,False,prodose-2
203,2591277476,0.0041935808244960735,190.1425124722554,False,prodose-2
204,3250752428,0.004197891549087912,194.52274046317604,False,prodose-2
205,522977510,0.004178889993136231,186.2010782833951,False,prodose-2
206,708675793,0.004191850369178628,187.97454623918182,False,prodose-2
207,2567628822,0.004188680669019011,196.05527135287136,False,prodose-2
208,76537516,0.004188050402834243,191.18696889204458,False,prodose-2
209,1918425851,0.00419135836580665,198.2807661377316,False,prodose-2
210,1241378847,0.004186015160152771,196.9820801918476,False,prodose-2
211,3928562307,0.004195859014007487,184.5471230221856,False,prodose-2
212,4151399654,0.004178623056737453,178.95489317513082,False,prodose-2
213,3220380728,0.004180878232390011,193.70048671821093,False,prodose-2
214,3292997990,0.0041886581052318845,191.31791064820334,False,prodose-2
215,497822434,0.004190968044590405,189.94894450924832,False,prodose-2
216,2439951174,0.004186576276275283,193.508636371576,False,prodose-2
217,3267356194,0.004194468522448476,192.76906526924273,False,prodose-2
218,672709555,0.004202170348915202,192.36095013822313,False,prodose-2
219,1801726328,0.004180137718920655,194.134523245299,False,prodose-2
220,3076602667,0.004183559495062958,187.80411373167746,False,prodose-2
221,3602069613,0.004197391776276005,192.2459181688317,False,prodose-2
222,3629340138,0.004190080648462715,197.70984383171876,False,prodose-2
223,254543892,0.004192445650461793,196.48881024492078,False,prodose-2
224,3315409687,0.004198437791737324,190.16600210158975,False,prodose-2
225,487126274,0.004177341621423205,193.25639155498604,False,prodose-2
226,3561670529,0.004194061488311939,195.82032624641946,False,prodose-2
227,4113537158,0.004188826638507587,199.62270266162184,False,prodose-2
228,3878899909,0.0041939761956482965,188.62180661878853,False,prodose-2
229,4221216848,0.004199032827857115,196.1148080869333,False,prodose-2
230,182011415,0.004196739200932863,197.21584524276474,False,prodose-2
231,2945910666,0.004194079661659012,195.44388800236942,False,prodose-2
232,2117922477,0.004217326859754941,198.23943015868102,False,prodose-2
233,3943632134,0.004167374340039053,186.61817990236335,False,prodose-2
234,3210699483,0.004190831043275889,196.57098894135012,False,prodose-2
235,915892273,0.004188520029195278,188.66315003298112,False,prodose-2
236,3932573701,0.0041867427560978625,189.24529253970383,False,prodose-2
237,430943987,0.004181196995136435,197.18387251227267,False,prodose-2
238,782762171,0.00417418670727976,190.13647791139144,False,prodose-2
239,2100308787,0.004201200408266456,198.1231632336377,False,prodose-2
240,3468204677,0.004193320151176645,188.14679946059047,False,prodose-2
241,2719858451,0.004195813553329527,194.20872585168428,False,prodose-2
242,3443860684,0.004183071564497711,186.46942457795132,False,prodose-2
243,747830971,0.0041946143049777255,195.01690736871385,False,prodose-2
244,3887145181,0.0041998784456427005,188.772420199731,False,prodose-2
245,1840390699,0.004184809800518745,201.05946190852026,False,prodose-2
246,528786013,0.004200342849595839,200.15591815880467,False,prodose-2
247,2828115383,0.004183319390339491,197.68343447882216,False,prodose-2
248,2237942307,0.004196480677070108,192.69841738744265,False,prodose-2
249,1185083516,0.004183631041686865,188.53581983933714,False,prodose-2
250,3931397776,0.0042026074990208235,190.59993282215748,False,prodose-2
251,1991475724,0.004192479252508252,194.32672065378642,False,prodose-2
252,935687766,0.004203122408999099,193.92798016902933,False,prodose-2
253,4244918982,0.00420661345053489,189.45256619957578,False,prodose-2
254,686067119,0.004183941810379976,194.724625917403,False,prodose-2
255,3422065638,0.004193292981413678,200.6471952981366,False,prodose-2
256,3146498781,0.004198479770634916,188.25975308528737,False,prodose-2
257,887514465,0.004196984914890317,194.93255304036643,False,prodose-2
258,457802394,0.004194350474289237,195.77460281964207,False,prodose-2
259,3512842940,0.004191246226534398,196.0469438946808,False,prodose-2
260,3960792534,0.004194431549030565,188.8772038349441,False,prodose-2
261,3864271659,0.004188684093659202,191.55423096413892,False,prodose-2
262,688114642,0.0041981432646783475,193.4143584712703,False,prodose-2
263,1830129806,0.004200426498748195,193.13138630817664,False,prodose-2
264,3225176720,0.004191954192435435,193.07211982788996,False,prodose-2
265,851572338,0.004179739021983972,195.22687407815852,False,prodose-2
266,1871546228,0.004193739715545957,199.6300774256835,False,prodose-2
267,1936044167,0.004195609523335328,197.97370433918107,False,prodose-2
268,3372879648,0.004200620484818992,194.93804743500525,False,prodose-2
269,3204362402,0.004195123248713279,192.79071263766872,False,prodose-2
270,47799706,0.004183397649754479,192.27773611440415,False,prodose-2
271,1278464186,0.004192346201129871,189.92194175784456,False,prodose-2
272,518401371,0.004200934398712928,186.44810930070852,False,prodose-2
273,3661969487,0.004184168428890683,194.65040035387435,False,prodose-2
274,663950393,0.0042036440198055325,197.8065357735088,False,prodose-2
275,1532553994,0.004193413905614109,198.00734132166968,False,prodose-2
276,1346547831,0.004204101096307562,191.97052776966632,False,prodose-2
277,876345254,0.004189952653182448,188.71442892567796,False,prodose-2
278,2603480731,0.004185303272990585,194.36874261585214,False,prodose-2
279,68243990,0.004192531981046245,187.4632251014157,False,prodose-2
280,4128367773,0.00419556993972626,188.52310077453575,False,prodose-2
281,371281863,0.004191897252372905,194.31018798553637,False,prodose-2
282,2270938196,0.004191446418521612,193.50207453815796,False,prodose-2
283,45046876,0.004198672250888557,194.51785903612264,False,prodose-2
284,544891243,0.004185905597858822,189.3628735953913,False,prodose-2
285,3208768402,0.004190634823320911,195.15470839337434,False,prodose-2
286,3473651324,0.0042017460033181705,203.0717454113567,False,prodose-2
287,2167583842,0.004216031898239868,194.11441318778486,False,prodose-2
288,686382895,0.004183730063258646,186.9435522078221,False,prodose-2
289,1697127465,0.004167744758287859,184.03872334310748,False,prodose-2
290,2125130665,0.004180824744054233,190.4713201497834,False,prodose-2
291,2351205166,0.004186269745678635,196.0689781745704,False,prodose-2
292,4239249511,0.004186037321796564,193.6791239479077,False,prodose-2
293,1973918471,0.004201216710128742,197.8332533701739,False,prodose-2
294,655674993,0.004188098640284626,191.82763546327635,False,prodose-2
295,827691858,0.004187192630803757,198.8612338764458,False,prodose-2
296,3493992394,0.00418406202131929,190.58125879076374,False,prodose-2
297,956362155,0.004175119696509671,186.39768814069427,False,prodose-2
298,2146157356,0.004195880156598322,193.74144708874414,False,prodose-2
299,3414271537,0.004200885608993158,191.01382709339663,False,prodose-2
300,559849590,0.004189411933418738,190.60102389504902,False,prodose-2
301,450853063,0.004198242351251482,194.88791880350303,False,prodose-2
302,1840998136,0.004191607928886202,193.97559374728635,False,prodose-2
303,1795107178,0.004200772331801446,191.4225522175722,False,prodose-2
304,2106992203,0.004195760242657649,194.66182565889767,False,prodose-2
305,184672165,0.004203293188914355,196.44728419158892,False,prodose-2
306,802108414,0.004193101649934352,192.89549225544633,False,prodose-2
307,231086063,0.004197173009163651,194.23389130017958,False,prodose-2
308,2446854899,0.004194519545311944,190.90845462747262,False,prodose-2
309,1671461478,0.004196492697933812,185.141154674398,False,prodose-2
310,3537148433,0.004181422953429206,191.09639052938033,False,prodose-2
311,3688361700,0.004203987851085367,190.4624739310599,False,prodose-2
312,1245463590,0.004188029739089729,190.5060937079247,False,prodose-2
313,1013036980,0.0041889847002170195,183.75321919253852,False,prodose-2
314,1226215973,0.004178983911407563,185.3972243734894,False,prodose-2
315,364652306,0.00419365557759589,202.55856693438207,False,prodose-2
316,1283061897,0.0041794223960744305,195.85847299966878,False,prodose-2
317,1470283,0.004198519886691339,196.4413836820488,False,prodose-2
318,199832425,0.00420246068742048,200.44093889864408,False,prodose-2
319,3097771470,0.004184231126657647,202.08750262835665,False,prodose-2
320,2696106355,0.004198116161974076,189.69636743188448,False,prodose-2
321,2232758850,0.0041801821733053355,192.56609370377677,False,prodose-2
322,3033895628,0.004182389431720812,191.66478135547246,False,prodose-2
323,1430392515,0.004194347885871166,193.87114968029476,False,prodose-2
324,1969129604,0.0041917703811281065,189.00388408005097,False,prodose-2
325,5218528,0.0041948078926715236,189.06907444714017,False,prodose-2
326,4240644077,0.004188303215993432,190.0546097091802,False,prodose-2
327,2534146558,0.004200863788959951,188.9586574688156,False,prodose-2
328,1333938853,0.004195077421207877,192.41402683472145,False,prodose-2
329,3136855569,0.004206216363403476,190.5209370789631,False,prodose-2
330,3815004550,0.004190207395111338,199.38706534976944,False,prodose-2
331,3698222296,0.004201236441530744,193.02894814246523,False,prodose-2
332,354739652,0.0041763599131767245,190.73112801749025,False,prodose-2
333,3529987274,0.0041759401164874095,191.3952315685162,False,prodose-2
334,541453122,0.004189137416496338,189.6189516474006,False,prodose-2
335,2204998005,0.004189479700591419,194.01918620858072,False,prodose-2
336,3732966087,0.004192368258772307,201.33284229028055,False,prodose-2
337,264182764,0.00418355418906139,192.48309958299868,False,prodose-2
338,2396125026,0.0041987396571929545,192.3393631062363,False,prodose-2
339,2059248617,0.004203023148270502,194.54625236501633,False,prodose-2
340,669435055,0.004197263359178183,190.28060284536863,False,prodose-2
341,2061517957,0.004199385136216202,190.4191472564026,False,prodose-2
342,1650518464,0.004176559684012675,193.4084658976342,False,prodose-2
343,3878520479,0.004187100553728605,188.87110181739916,False,prodose-2
344,420856223,0.004183304656554127,203.98566093574928,False,prodose-2
345,1017724464,0.004201614536721086,184.7045323224594,False,prodose-2
346,2942459410,0.004206693263527552,192.9761212458887,False,prodose-2
347,737407379,0.004187398929885955,190.66255374620988,False,prodose-2
348,518087169,0.004194312390785145,194.24719895368222,False,prodose-2
349,3715455698,0.004180145065015515,193.54946986794374,False,prodose-2
350,947257689,0.004199072446114396,195.3366609104725,False,prodose-2
351,2233220801,0.004194625837100501,191.2546188559056,False,prodose-2
352,3640735425,0.004195713729565142,193.36916031320135,False,prodose-2
353,337515072,0.004201745571128665,180.5935717822266,False,prodose-2
354,2466080105,0.004179496599235211,190.8309074118204,False,prodose-2
355,3333352744,0.004181294034294731,186.6243361040316,False,prodose-2
356,728327546,0.0041785166703988234,191.68828388816212,False,prodose-2
357,1105615897,0.004191162087834975,198.43354235308502,False,prodose-2
358,2871640914,0.004188322178173061,194.82114939303125,False,prodose-2
359,3069949897,0.0041901591727299785,188.8625950090204,False,prodose-2
360,3925486500,0.004185562117091144,196.80957241389933,False,prodose-2
361,10626084,0.0042057721030421494,196.56346391570318,False,prodose-2
362,601816781,0.00418383470987557,186.19245211884538,False,prodose-2
363,159163699,0.004173941170078417,183.7414885923306,False,prodose-2
364,1085320835,0.004183468432938982,187.10740653536695,False,prodose-2
365,4146889783,0.00418841973171361,182.5362029612557,False,prodose-2
366,2063061599,0.004190149645238086,201.3680932035024,False,prodose-2
367,115397056,0.0041790958156538265,190.82362952417165,False,prodose-2
368,2299618652,0.004180813257906921,189.617809269806,False,prodose-2
369,2262158053,0.0041970094728596185,197.98409766989923,False,prodose-2
370,3562804231,0.004197178865714487,201.3967163371039,False,prodose-2
371,1838309041,0.0041788415751320244,191.6640356979467,False,prodose-2
372,1613819215,0.004177012893067856,194.8507348842909,False,prodose-2
373,1473139458,0.00419569692161583,191.0933063235377,False,prodose-2
374,4119963970,0.0041811701046410585,193.63799954535958,False,prodose-2
375,1990630631,0.0041864356332770416,188.01698927967962,False,prodose-2
376,2797029371,0.0041890934083924905,190.89961929696625,False,prodose-2
377,3519417921,0.004180744439487451,193.47444976686532,False,prodose-2
378,2335389154,0.004191152432494838,183.78138480037933,False,prodose-2
379,2244239792,0.00418599771278049,185.09525784075984,False,prodose-2
380,1102777103,0.004192106437925576,188.90161736916392,False,prodose-2
381,2937202006,0.004203948962715094,187.9442810245801,False,prodose-2
382,2283104663,0.00418974513764746,191.02675810131697,False,prodose-2
383,908287900,0.004190618063586361,193.627330321257,False,prodose-2
384,2842221789,0.004188125776996779,193.03146856544748,False,prodose-2
385,3654167843,0.004192087887585301,183.73983296952287,False,prodose-2
386,921110584,0.0041963835059250715,188.77630522974832,False,prodose-2
387,1543728275,0.004202460411018452,196.68655373968582,False,prodose-2
388,3771830365,0.004199643213256179,195.48779722433002,False,prodose-2
389,1978922231,0.004201599463992119,191.3250871421747,False,prodose-2
390,3387424202,0.004208320165428958,193.53366101358554,False,prodose-2
391,796400121,0.004182210044974086,191.756848058112,False,prodose-2
392,3483560082,0.004179497749050044,193.58303757715603,False,prodose-2
393,3248290870,0.004186091737928342,194.94398470917668,False,prodose-2
394,621276701,0.004193858816375322,200.33919238480956,False,prodose-2
395,826352917,0.004191471993866955,199.0728309021004,False,prodose-2
396,3596754838,0.0041820871663646305,187.2114901012309,False,prodose-2
397,1406320926,0.004179103051064299,198.5405376134327,False,prodose-2
398,536904455,0.004186777520588968,189.3620488303409,False,prodose-2
399,3685511454,0.004197016312083278,204.96998210888756,False,prodose-2
400,2282909592,0.004183418019209389,190.73233686153327,False,prodose-2
401,1435056840,0.004189093889143698,187.1945138416935,False,prodose-2
402,3677755016,0.00419762943032156,194.67518918494702,False,prodose-2
403,3561311998,0.004199272295747749,199.5691096575862,False,prodose-2
404,748565502,0.004199262127825027,195.9998555477546,False,prodose-2
405,3677330685,0.004192512167251422,191.95830214031153,False,prodose-2
406,1328624033,0.004203549866216112,194.3839218253991,False,prodose-2
407,857084893,0.0041773505417797225,191.32178789450757,False,prodose-2
408,2013158575,0.004192594638383534,198.53268615478655,False,prodose-2
409,1090037367,0.004181311228126246,191.23131656316167,False,prodose-2
410,3602490481,0.004178234796151592,192.6430859973488,False,prodose-2
411,895367271,0.004197960624414689,193.11756030190057,False,prodose-2
412,3220046091,0.004176518661860597,191.06970846785953,False,prodose-2
413,3425432277,0.0041842076084735854,191.97143735088605,False,prodose-2
414,1614291338,0.0041928957719340534,198.59879292883477,False,prodose-2
415,628032578,0.004180112065615453,184.2457338149644,False,prodose-2
416,2189916916,0.004198113405648586,190.98604951069487,False,prodose-2
417,830602044,0.004203475939742803,200.94267817343936,False,prodose-2
418,625266572,0.004184272746375472,188.42606947563706,False,prodose-2
419,3581129903,0.0042011452879447495,190.78756670769616,False,prodose-2
420,402487097,0.004191967399912719,198.07429054157842,False,prodose-2
421,4020424268,0.004178555655217221,190.46387287326013,False,prodose-2
422,3102443584,0.00419478448364349,188.2121954974357,False,prodose-2
423,1153763144,0.004195430417633903,192.3652581373821,False,prodose-2
424,3010383501,0.004191397216414493,198.8863460439887,False,prodose-2
425,2192646673,0.004189354571069693,194.23216695412634,False,prodose-2
426,1622594405,0.0041893007882430515,192.14471090433392,False,prodose-2
427,1606142236,0.004172915998555142,184.23989748672707,False,prodose-2
428,22636621,0.004195678786268038,199.52225736067209,False,prodose-2
429,432717119,0.0041917117939396205,188.1582706748146,False,prodose-2
430,3361099436,0.0041992537411189405,198.35958336343182,False,prodose-2
431,2665521269,0.004183205056098662,190.45495422340738,False,prodose-2
432,3342387074,0.00419036652007282,197.49338936045956,False,prodose-2
433,2752382821,0.004187546837426494,190.38873351440097,False,prodose-2
434,476643337,0.004172646973891856,187.75457234295868,False,prodose-2
435,2043963301,0.004188582084485829,197.21936674021418,False,prodose-2
436,192605378,0.004196456018133465,193.73740396810413,False,prodose-2
437,3763057517,0.004185752068182247,196.0791057802895,False,prodose-2
438,822055127,0.004184793484478021,184.75075770167746,False,prodose-2
439,931420394,0.004183861675590019,200.4607629147028,False,prodose-2
440,3244723866,0.004192971735350668,185.40575372492356,False,prodose-2
441,4270205729,0.0041788222075794966,182.64924267926105,False,prodose-2
442,2065709165,0.004202928555669089,188.8958565415109,False,prodose-2
443,1278833405,0.004192556826939702,186.76382546399535,False,prodose-2
444,3603623001,0.004195882298282333,194.1964777034994,False,prodose-2
445,1955235843,0.004195390167189871,202.9415722652564,False,prodose-2
446,624297747,0.004192645081478243,200.0247736822872,False,prodose-2
447,798818454,0.004189400248297513,196.9911475689231,False,prodose-2
448,3861688336,0.004182772283082564,186.2637381913761,False,prodose-2
449,1919511008,0.004177213279027787,188.0950344623352,False,prodose-2
450,2637216027,0.004201221103783954,194.64190949567384,False,prodose-2
451,3118723443,0.0041929681346941665,195.26392088883352,False,prodose-2
452,3033201352,0.004186938847091815,194.07335562811923,False,prodose-2
453,165619309,0.004191524833420951,195.44816884686324,False,prodose-2
454,3139726880,0.004190036468385259,189.0878686014996,False,prodose-2
455,1218755070,0.004184926781284842,193.13784028631088,False,prodose-2
456,1343296439,0.004187793392770926,191.3211321530976,False,prodose-2
457,295697702,0.0041975430996558215,194.2087005203726,False,prodose-2
458,2884656487,0.004181670532165885,190.58835632770993,False,prodose-2
459,2045992101,0.004190680504024238,194.19171030765983,False,prodose-2
460,2560533983,0.0041962187799450485,196.76900617740125,False,prodose-2
461,2550370154,0.004208219648021187,200.14413207366357,False,prodose-2
462,865588087,0.004193239466075175,195.6390901023358,False,prodose-2
463,4265100633,0.004195417068175903,199.93878552171105,False,prodose-2
464,807916588,0.00418341911280898,189.83846612241862,False,prodose-2
465,1586810168,0.00418594587600341,184.05384204758258,False,prodose-2
466,1785648863,0.004196011536211613,196.34437824359705,False,prodose-2
467,2222852637,0.004186488366554162,195.6693486660623,False,prodose-2
468,1594341479,0.0042046542036304965,195.36784802736904,False,prodose-2
469,1438822881,0.00418161972056456,195.9890540990477,False,prodose-2
470,2658935053,0.0042013775533349075,186.40891718336874,False,prodose-2
471,2707917477,0.004175335985835653,196.2223312187137,False,prodose-2
472,2803721060,0.004187077470389625,194.63294160519146,False,prodose-2
473,1395412558,0.004207698640973087,199.55686361015324,False,prodose-2
474,4162612182,0.004192168507890554,189.13280862281192,False,prodose-2
475,672699311,0.004200621892531296,189.37073258077695,False,prodose-2
476,2984443971,0.004186119495857318,186.36421898779832,False,prodose-2
477,794106453,0.0041784125369201,186.16563469976018,False,prodose-2
478,1110004159,0.004197070559282448,196.71437769901453,False,prodose-2
479,2749340053,0.004192059428557256,193.99337802750563,False,prodose-2
480,2296486854,0.004200269693443803,200.647138382774,False,prodose-2
481,4218994637,0.004188190976559403,195.07361399336418,False,prodose-2
482,1058166033,0.0041875755518436305,202.60789981873054,False,prodose-2
483,397096617,0.004188403622261977,190.9796454568721,False,prodose-2
484,2094587817,0.004186309757022887,191.0976812015874,False,prodose-2
485,2540345896,0.004202848300861195,190.7001101837348,False,prodose-2
486,794727714,0.004194098412448764,192.00346276955332,False,prodose-2
487,1437891374,0.00417587425838442,189.1026880395893,False,prodose-2
488,4117925988,0.004190467527195806,190.3331001907447,False,prodose-2
489,1456542849,0.00418922772543045,196.4719886319425,False,prodose-2
490,3533015500,0.004187976641061794,191.82166747723764,False,prodose-2
491,1308705019,0.004204595056643361,199.22513884793466,False,prodose-2
492,4284291081,0.004202633898971173,202.02332348293717,False,prodose-2
493,2873278973,0.004190269814563463,194.88270862001949,False,prodose-2
494,2639462074,0.0041851955447476715,188.88360623143518,False,prodose-2
495,2622914202,0.0041900918292106576,197.69357646253727,False,prodose-2
496,467964318,0.004186479198408712,190.80988132487292,False,prodose-2
497,633343896,0.004182656571073833,186.95079871509694,False,prodose-2
498,1649588869,0.004182015921785258,191.79241984981132,False,prodose-2
499,483049793,0.004184136161273348,194.2311305448706,False,prodose-2
